#
# There is insufficient memory for the Java Runtime Environment to continue.
# Native memory allocation (mmap) failed to map 2097152 bytes. Error detail: G1 virtual space
# Possible reasons:
#   The system is out of physical RAM or swap space
#   This process is running with CompressedOops enabled, and the Java Heap may be blocking the growth of the native heap
# Possible solutions:
#   Reduce memory load on the system
#   Increase physical memory or swap space
#   Check if swap backing store is full
#   Decrease Java heap size (-Xmx/-Xms)
#   Decrease number of Java threads
#   Decrease Java thread stack sizes (-Xss)
#   Set larger code cache with -XX:ReservedCodeCacheSize=
#   JVM is running with Zero Based Compressed Oops mode in which the Java heap is
#     placed in the first 32GB address space. The Java Heap base address is the
#     maximum limit for the native heap growth. Please use -XX:HeapBaseMinAddress
#     to set the Java Heap base and to place the Java Heap above 32GB virtual address.
# This output file may be truncated or incomplete.
#
#  Out of Memory Error (os_windows.cpp:3707), pid=17672, tid=16480
#
# JRE version: OpenJDK Runtime Environment Temurin-23.0.2+7 (23.0.2+7) (build 23.0.2+7)
# Java VM: OpenJDK 64-Bit Server VM Temurin-23.0.2+7 (23.0.2+7, mixed mode, sharing, tiered, compressed oops, compressed class ptrs, g1 gc, windows-amd64)
# No core dump will be written. Minidumps are not enabled by default on client versions of Windows
#

---------------  S U M M A R Y ------------

Command Line: -javaagent:C:\Program Files\JetBrains\IntelliJ IDEA Community Edition 2024.1.7\lib\idea_rt.jar=52804:C:\Program Files\JetBrains\IntelliJ IDEA Community Edition 2024.1.7\bin -Dfile.encoding=UTF-8 -Dsun.stdout.encoding=UTF-8 -Dsun.stderr.encoding=UTF-8 org.example.MainKt

Host: Intel(R) Core(TM) i7-7500U CPU @ 2.70GHz, 4 cores, 11G,  Windows 10 , 64 bit Build 19041 (10.0.19041.5678)
Time: Thu Apr 24 13:36:50 2025 Egypt Standard Time elapsed time: 2.764393 seconds (0d 0h 0m 2s)

---------------  T H R E A D  ---------------

Current thread (0x000002ae25482810):  JavaThread "main"             [_thread_in_vm, id=16480, stack(0x000000cda6000000,0x000000cda6100000) (1024K)]

Stack: [0x000000cda6000000,0x000000cda6100000]
Native frames: (J=compiled Java code, j=interpreted, Vv=VM code, C=native code)
V  [jvm.dll+0x6e8fa9]  (no source info available)
V  [jvm.dll+0x8d96b3]  (no source info available)
V  [jvm.dll+0x8dbb3e]  (no source info available)
V  [jvm.dll+0x8dc213]  (no source info available)
V  [jvm.dll+0x281bc6]  (no source info available)
V  [jvm.dll+0x6e5885]  (no source info available)
V  [jvm.dll+0x6d980a]  (no source info available)
V  [jvm.dll+0x36271a]  (no source info available)
V  [jvm.dll+0x36ab46]  (no source info available)
V  [jvm.dll+0x356deb]  (no source info available)
V  [jvm.dll+0x357474]  (no source info available)
V  [jvm.dll+0x356ff9]  (no source info available)
V  [jvm.dll+0x33025e]  (no source info available)
V  [jvm.dll+0x32e61f]  (no source info available)
V  [jvm.dll+0x67580b]  (no source info available)
V  [jvm.dll+0x2406b2]  (no source info available)
V  [jvm.dll+0x89c407]  (no source info available)
V  [jvm.dll+0x748215]  (no source info available)
C  0x000002ae35456489  (no source info available)

The last pc belongs to _new_array_nozero_Java (printed below).
Java frames: (J=compiled Java code, j=interpreted, Vv=VM code)
v  ~RuntimeStub::_new_array_nozero_Java 0x000002ae35456489
J 845 c2 java.lang.AbstractStringBuilder.append([CII)Ljava/lang/AbstractStringBuilder; java.base@23.0.2 (37 bytes) @ 0x000002ae35915038 [0x000002ae35914720+0x0000000000000918]
J 846 c2 java.io.StringWriter.write([CII)V java.base@23.0.2 (25 bytes) @ 0x000002ae359157d8 [0x000002ae359156c0+0x0000000000000118]
j  kotlin.io.TextStreamsKt.copyTo(Ljava/io/Reader;Ljava/io/Writer;I)J+38
j  kotlin.io.TextStreamsKt.copyTo$default(Ljava/io/Reader;Ljava/io/Writer;IILjava/lang/Object;)J+13
j  kotlin.io.TextStreamsKt.readText(Ljava/io/Reader;)Ljava/lang/String;+22
j  kotlin.io.FilesKt__FileReadWriteKt.readText(Ljava/io/File;Ljava/nio/charset/Charset;)Ljava/lang/String;+54
j  kotlin.io.FilesKt__FileReadWriteKt.readText$default(Ljava/io/File;Ljava/nio/charset/Charset;ILjava/lang/Object;)Ljava/lang/String;+12
j  org.example.data.CsvReader.readCsv()Ljava/util/List;+7
j  org.example.data.RecipesRepositoryCsvImpl.getAllRecipes()Ljava/util/List;+4
j  org.example.logic.use_case.KetoDietUseCase.<init>(Lorg/example/logic/RecipesRepository;)V+20
j  org.example.di.UseCaseModuleKt.useCaseModule$lambda$17$lambda$10(Lorg/koin/core/scope/Scope;Lorg/koin/core/parameter/ParametersHolder;)Lorg/example/logic/use_case/KetoDietUseCase;+37
j  org.example.di.UseCaseModuleKt$$Lambda+0x000002ae4401ebd0.invoke(Ljava/lang/Object;Ljava/lang/Object;)Ljava/lang/Object;+8
j  org.koin.core.instance.InstanceFactory.create(Lorg/koin/core/instance/ResolutionContext;)Ljava/lang/Object;+66
j  org.koin.core.instance.SingleInstanceFactory.create(Lorg/koin/core/instance/ResolutionContext;)Ljava/lang/Object;+15
j  org.koin.core.instance.SingleInstanceFactory.get$lambda$0(Lorg/koin/core/instance/SingleInstanceFactory;Lorg/koin/core/instance/ResolutionContext;)Lkotlin/Unit;+11
j  org.koin.core.instance.SingleInstanceFactory$$Lambda+0x000002ae4402b4c0.invoke()Ljava/lang/Object;+8
j  org.koin.mp.KoinPlatformTools.synchronized(Ljava/lang/Object;Lkotlin/jvm/functions/Function0;)Ljava/lang/Object;+18
j  org.koin.core.instance.SingleInstanceFactory.get(Lorg/koin/core/instance/ResolutionContext;)Ljava/lang/Object;+17
j  org.koin.core.registry.InstanceRegistry.resolveInstance$koin_core(Lorg/koin/core/qualifier/Qualifier;Lkotlin/reflect/KClass;Lorg/koin/core/qualifier/Qualifier;Lorg/koin/core/instance/ResolutionContext;)Ljava/lang/Object;+35
j  org.koin.core.scope.Scope.resolveFromRegistry(Lorg/koin/core/instance/ResolutionContext;)Ljava/lang/Object;+20
j  org.koin.core.scope.Scope.resolveFromContext(Lorg/koin/core/instance/ResolutionContext;)Ljava/lang/Object;+73
j  org.koin.core.scope.Scope.stackParametersCall(Lorg/koin/core/parameter/ParametersHolder;Lorg/koin/core/instance/ResolutionContext;)Ljava/lang/Object;+6
j  org.koin.core.scope.Scope.resolveInstance(Lorg/koin/core/qualifier/Qualifier;Lkotlin/reflect/KClass;Lorg/koin/core/parameter/ParametersHolder;)Ljava/lang/Object;+77
j  org.koin.core.scope.Scope.resolve(Lkotlin/reflect/KClass;Lorg/koin/core/qualifier/Qualifier;Lorg/koin/core/parameter/ParametersHolder;)Ljava/lang/Object;+45
j  org.koin.core.scope.Scope.get(Lkotlin/reflect/KClass;Lorg/koin/core/qualifier/Qualifier;Lkotlin/jvm/functions/Function0;)Ljava/lang/Object;+27
j  org.example.di.UiModuleKt$uiModule$lambda$16$$inlined$singleOf$default$5.invoke(Lorg/koin/core/scope/Scope;Lorg/koin/core/parameter/ParametersHolder;)Ljava/lang/Object;+36
j  org.example.di.UiModuleKt$uiModule$lambda$16$$inlined$singleOf$default$5.invoke(Ljava/lang/Object;Ljava/lang/Object;)Ljava/lang/Object;+9
j  org.koin.core.instance.InstanceFactory.create(Lorg/koin/core/instance/ResolutionContext;)Ljava/lang/Object;+66
j  org.koin.core.instance.SingleInstanceFactory.create(Lorg/koin/core/instance/ResolutionContext;)Ljava/lang/Object;+15
j  org.koin.core.instance.SingleInstanceFactory.get$lambda$0(Lorg/koin/core/instance/SingleInstanceFactory;Lorg/koin/core/instance/ResolutionContext;)Lkotlin/Unit;+11
j  org.koin.core.instance.SingleInstanceFactory$$Lambda+0x000002ae4402b4c0.invoke()Ljava/lang/Object;+8
j  org.koin.mp.KoinPlatformTools.synchronized(Ljava/lang/Object;Lkotlin/jvm/functions/Function0;)Ljava/lang/Object;+18
j  org.koin.core.instance.SingleInstanceFactory.get(Lorg/koin/core/instance/ResolutionContext;)Ljava/lang/Object;+17
j  org.koin.core.registry.InstanceRegistry.resolveInstance$koin_core(Lorg/koin/core/qualifier/Qualifier;Lkotlin/reflect/KClass;Lorg/koin/core/qualifier/Qualifier;Lorg/koin/core/instance/ResolutionContext;)Ljava/lang/Object;+35
j  org.koin.core.scope.Scope.resolveFromRegistry(Lorg/koin/core/instance/ResolutionContext;)Ljava/lang/Object;+20
j  org.koin.core.scope.Scope.resolveFromContext(Lorg/koin/core/instance/ResolutionContext;)Ljava/lang/Object;+73
j  org.koin.core.scope.Scope.stackParametersCall(Lorg/koin/core/parameter/ParametersHolder;Lorg/koin/core/instance/ResolutionContext;)Ljava/lang/Object;+6
j  org.koin.core.scope.Scope.resolveInstance(Lorg/koin/core/qualifier/Qualifier;Lkotlin/reflect/KClass;Lorg/koin/core/parameter/ParametersHolder;)Ljava/lang/Object;+77
j  org.koin.core.scope.Scope.resolve(Lkotlin/reflect/KClass;Lorg/koin/core/qualifier/Qualifier;Lorg/koin/core/parameter/ParametersHolder;)Ljava/lang/Object;+45
j  org.koin.core.scope.Scope.get(Lkotlin/reflect/KClass;Lorg/koin/core/qualifier/Qualifier;Lkotlin/jvm/functions/Function0;)Ljava/lang/Object;+27
j  org.example.di.UiModuleKt$uiModule$lambda$16$$inlined$singleOf$default$1.invoke(Lorg/koin/core/scope/Scope;Lorg/koin/core/parameter/ParametersHolder;)Ljava/lang/Object;+174
j  org.example.di.UiModuleKt$uiModule$lambda$16$$inlined$singleOf$default$1.invoke(Ljava/lang/Object;Ljava/lang/Object;)Ljava/lang/Object;+9
j  org.koin.core.instance.InstanceFactory.create(Lorg/koin/core/instance/ResolutionContext;)Ljava/lang/Object;+66
j  org.koin.core.instance.SingleInstanceFactory.create(Lorg/koin/core/instance/ResolutionContext;)Ljava/lang/Object;+15
j  org.koin.core.instance.SingleInstanceFactory.get$lambda$0(Lorg/koin/core/instance/SingleInstanceFactory;Lorg/koin/core/instance/ResolutionContext;)Lkotlin/Unit;+11
j  org.koin.core.instance.SingleInstanceFactory$$Lambda+0x000002ae4402b4c0.invoke()Ljava/lang/Object;+8
j  org.koin.mp.KoinPlatformTools.synchronized(Ljava/lang/Object;Lkotlin/jvm/functions/Function0;)Ljava/lang/Object;+18
j  org.koin.core.instance.SingleInstanceFactory.get(Lorg/koin/core/instance/ResolutionContext;)Ljava/lang/Object;+17
j  org.koin.core.registry.InstanceRegistry.resolveInstance$koin_core(Lorg/koin/core/qualifier/Qualifier;Lkotlin/reflect/KClass;Lorg/koin/core/qualifier/Qualifier;Lorg/koin/core/instance/ResolutionContext;)Ljava/lang/Object;+35
j  org.koin.core.scope.Scope.resolveFromRegistry(Lorg/koin/core/instance/ResolutionContext;)Ljava/lang/Object;+20
j  org.koin.core.scope.Scope.resolveFromContext(Lorg/koin/core/instance/ResolutionContext;)Ljava/lang/Object;+73
j  org.koin.core.scope.Scope.stackParametersCall(Lorg/koin/core/parameter/ParametersHolder;Lorg/koin/core/instance/ResolutionContext;)Ljava/lang/Object;+6
j  org.koin.core.scope.Scope.resolveInstance(Lorg/koin/core/qualifier/Qualifier;Lkotlin/reflect/KClass;Lorg/koin/core/parameter/ParametersHolder;)Ljava/lang/Object;+77
j  org.koin.core.scope.Scope.resolve(Lkotlin/reflect/KClass;Lorg/koin/core/qualifier/Qualifier;Lorg/koin/core/parameter/ParametersHolder;)Ljava/lang/Object;+45
j  org.koin.core.scope.Scope.get(Lkotlin/reflect/KClass;Lorg/koin/core/qualifier/Qualifier;Lkotlin/jvm/functions/Function0;)Ljava/lang/Object;+27
j  org.example.MainKt.main()V+67
j  org.example.MainKt.main([Ljava/lang/String;)V+0
v  ~StubRoutines::call_stub 0x000002ae35340fcd
Lock stack of current Java thread (top to bottom):
LockStack[0]: java.lang.StringBuffer 
{0x0000000741400810} - klass: 'java/lang/StringBuffer'
 - ---- fields (total size 4 words):
 - 'count' 'I' @12  134242304 (0x08006000)
 - 'coder' 'B' @16  1 (0x01)
 - 'maybeLatin1' 'Z' @17  false (0x00)
 - 'value' '[B' @20  [B{0x0000000755400000} (0xeaa80000)
 - private transient 'toStringCache' 'Ljava/lang/String;' @24  null (0x00000000)

--------------------------------------------------------------------------------
Decoding CodeBlob, name: _new_array_nozero_Java, at  [0x000002ae35456460, 0x000002ae354564d0]  112 bytes
[MachCode]
  0x000002ae35456460: 4881 ec28 | 0000 0048 | 896c 2420 | 4989 a7a0 | 0300 0048 | 8bca 418b | d04d 8bc7 | 49ba d081 
  0x000002ae35456480: 8662 f97f | 0000 41ff | d20f 1f84 | 0000 0000 | 004d 89a7 | a003 0000 | 4d89 a7a8 | 0300 0049 
  0x000002ae354564a0: 8b87 f803 | 0000 4d89 | a7f8 0300 | 004d 3b67 | 0875 0648 | 83c4 205d | c333 db49 | bac0 0e34 
  0x000002ae354564c0: 35ae 0200 | 0048 83c4 | 205d 41ff | e2f4 f4f4 
[/MachCode]
--------------------------------------------------------------------------------


Compiled method (c2) 2906  845       4       java.lang.AbstractStringBuilder::append (37 bytes)
 total in heap  [0x000002ae35914588,0x000002ae35915528] = 4000
 relocation     [0x000002ae35914660,0x000002ae35914708] = 168
 main code      [0x000002ae35914720,0x000002ae35915468] = 3400
 stub code      [0x000002ae35915468,0x000002ae359154b0] = 72
 oops           [0x000002ae359154b0,0x000002ae359154c0] = 16
 metadata       [0x000002ae359154c0,0x000002ae35915528] = 104
 immutable data [0x000002ae88cc2c30,0x000002ae88cc3200] = 1488
 dependencies   [0x000002ae88cc2c30,0x000002ae88cc2c50] = 32
 nul chk table  [0x000002ae88cc2c50,0x000002ae88cc2c78] = 40
 handler table  [0x000002ae88cc2c78,0x000002ae88cc2cf0] = 120
 scopes pcs     [0x000002ae88cc2cf0,0x000002ae88cc2e60] = 368
 scopes data    [0x000002ae88cc2e60,0x000002ae88cc3200] = 928

[Constant Pool (empty)]

[MachCode]
[Instructions begin]
  0x000002ae35914720: 6690 448b | 5208 443b 

  0x000002ae35914728: ;   {runtime_call ic_miss_stub}
  0x000002ae35914728: 5008 0f85 | b09d a7ff 
[Verified Entry Point]
  0x000002ae35914730: 8984 2400 | 80ff ff55 | 4881 ec80 | 0000 0090 | 4181 7f20 | 0500 0000 | 0f85 100d | 0000 4889 
  0x000002ae35914750: 5424 304c | 8944 2440 

  0x000002ae35914758: ; implicit exception: dispatches to 0x000002ae359153ce
  0x000002ae35914758: 418b 580c | 458d 1439 | 4489 5424 | 4c45 8bd9 | 4585 c90f | 8c7f 0900 | 0045 3bca | 0f8f e609 
  0x000002ae35914778: 0000 660f | 1f44 0000 | 443b d30f | 8f17 0a00 | 0044 8b52 | 1443 8b6c | d40c 0fbe | 4210 448b 
  0x000002ae35914798: 4a0c c4e2 | 7af7 d546 | 8d04 0f41 | 8bc8 2bca | 85c9 0f8f | ce02 0000 | 4489 4c24 | 388b 7424 
  0x000002ae359147b8: 4c03 7424 | 3844 8b74 | 2438 452b | f341 2bf3 | 4c63 c34c | 634c 244c | 4c89 4c24 | 2045 8bcb 
  0x000002ae359147d8: 41ff c148 | 8b4c 2420 | 48ff c945 | 33ed 85c0 | 0f84 e704 | 0000 438b | 6cd4 0cd1 | fd8b 7c24 
  0x000002ae359147f8: 380f 1f80 | 0000 0000 | 85ff 0f8c | 2809 0000 | 3bfe 0f8f | d409 0000 | 3bf5 0f8f | fc09 0000 
  0x000002ae35914818: 0f1f 8400 | 0000 0000 | 443b 5c24 | 4c0f 8d2c 

  0x000002ae35914828: ;   {no_reloc}
  0x000002ae35914828: 0200 0044 | 3bdb 0f83 | 7108 0000 | 493b c80f | 8368 0800 | 004b 8d1c | d44c 8b54 | 2440 458b 
  0x000002ae35914848: d24d 63c9 | b9f0 ffff | ff41 2bca | d1e9 412b | cbff c941 | b804 0000 | 00c4 62b8 | f5d1 4d03 
  0x000002ae35914868: ca4c 3b4c | 2420 4c8b | 5424 204d | 0f4c d141 | 8bfa 458b | c34c 8b54 | 2440 470f | b754 4210 
  0x000002ae35914888: 438d 0c30 | 6644 8954 | 4b10 41ff | c044 3bc7 | 7ce3 4c8b | 5424 2049 | 83c2 8149 | 81fa 0000 
  0x000002ae359148a8: 0080 49c7 | c100 0000 | 804d 0f4c | d141 8bca | 0f1f 8400 | 0000 0000 | 443b c10f | 8d1f 0800 
  0x000002ae359148c8: 0041 b900 | f401 00e9 | eb00 0000 | 0f1f 8400 | 0000 0000 | 6666 6690 | 458b c34c | 8b54 2440 
  0x000002ae359148e8: c481 7e6f | 4c42 1047 | 8d1c 30c4 | a17e 7f4c | 5b10 418d | 7860 4103 | fe4d 63db | 4863 c745 
  0x000002ae35914908: 8d50 4045 | 03d6 4963 | f048 8b6c | 2440 c5fe | 6f4c 7530 | c4a1 7e7f | 4c5b 30c5 | fe6f 8c75 
  0x000002ae35914928: ;   {no_reloc}
  0x000002ae35914928: f000 0000 | c5fe 6f9c | 75d0 0000 | 00c5 fe6f | a475 b000 | 0000 c5fe | 6fac 7590 | 0000 00c5 
  0x000002ae35914948: fe6f 7475 | 70c5 fe6f | 7c75 504d | 63da 418d | 7020 4103 | f6c5 fe7f | 7c73 1048 | 63f6 c5fe 
  0x000002ae35914968: 7f74 7330 | c4a1 7e7f | 6c53 10c4 | a17e 7f64 | 5b30 c5fe | 7f5c 7b10 | c5fe 7f4c | 4330 458d 
  0x000002ae35914988: 9880 0000 | 0044 3bda | 0f8c 4aff | ffff 4d8b | 9750 0400 | 0041 83c0 | 7045 03c6 | 4183 c00f 
  0x000002ae359149a8: ; ImmutableOopMap {rbx=Oop [48]=Oop [64]=Oop }
                      ;*goto {reexecute=1 rethrow=0 return_oop=0}
                      ; - (reexecute) java.lang.StringUTF16::putChars@20 (line 1319)
                      ; - java.lang.StringUTF16::putCharsSB@17 (line 1495)
                      ; - java.lang.AbstractStringBuilder::appendChars@116 (line 1788)
                      ; - java.lang.AbstractStringBuilder::append@32 (line 752)
                      ;   {poll}
  0x000002ae359149a8: 41ff c041 | 8502 443b | d97d 3345 | 8bc3 c4c1 | 797e c3c5 | f97e d68b | d141 2bd0 | 413b c841 
  0x000002ae359149c8: 0f4c d581 | fa00 f401 | 0041 0f47 | d141 03d0 | c4c1 796e | c3c5 f96e | d6e9 fdfe | ffff 4c8b 
  0x000002ae359149e8: 5424 2049 | 83c2 f149 | 81fa 0000 | 0080 49c7 | c000 0000 | 804d 0f4c | d045 8bc2 | 453b d87d 
  0x000002ae35914a08: 2366 6690 | 4c8b 5424 | 40c4 817e | 6f44 5a10 | 478d 0c33 | c4a1 7e7f | 444b 1041 | 83c3 1045 
  0x000002ae35914a28: 3bd8 7ce0 | c5f9 7ed6 | 443b 5c24 | 4c7d 2090 | 4c8b 5424 | 4047 0fb7 | 545a 1047 | 8d0c 3366 
  0x000002ae35914a48: 4689 544b | 1041 ffc3 | 443b 5c24 | 4c7c e14c | 8b54 2430 | 4189 720c | 488b 4424 | 30c5 f877 
  0x000002ae35914a68: 4881 c480 | 0000 005d 

  0x000002ae35914a70: ;   {poll_return}
  0x000002ae35914a70: 493b a748 | 0400 000f | 87cb 0900 | 00c3 896c | 242c 4489 | 5424 2489 | 5c24 2044 | 895c 2428 
  0x000002ae35914a90: 488b 5424 | 3048 8bea 

  0x000002ae35914a98: ;   {optimized virtual_call}
  0x000002ae35914a98: c5f8 77e8 

  0x000002ae35914a9c: ; ImmutableOopMap {rbp=Oop [36]=NarrowOop [48]=Oop [64]=Oop }
                      ;*invokevirtual newCapacity {reexecute=0 rethrow=0 return_oop=0}
                      ; - java.lang.AbstractStringBuilder::ensureCapacityInternal@24 (line 246)
                      ; - java.lang.AbstractStringBuilder::append@24 (line 751)
  0x000002ae35914a9c: e0e9 53f8 

  0x000002ae35914aa0: ;   {other}
  0x000002ae35914aa0: 0f1f 8400 | 1805 0001 | 440f be55 | 10c4 6229 | f7d0 448b | 5c24 244f | 8d04 dc4c | 8944 2468 
  0x000002ae35914ac0: 4f8d 4cdc | 1044 3b54 | 242c 0f84 | 6f03 0000 | 8b4c 242c | 413b ca8b | e941 0f4f | ea66 6690 
  0x000002ae35914ae0: 3bcd 0f82 | 0b08 0000 | 443b d50f | 8202 0800 | 0045 8bda | 4d63 db49 | 83c3 174d | 8bc3 4983 
  0x000002ae35914b00: e0f8 4181 | fa00 0010 | 000f 87fe | 0400 0049 | 8b9f b801 | 0000 488b | cb49 03c8 | 0f1f 4000 
  0x000002ae35914b20: 493b 8fc8 | 0100 000f | 83e0 0400 | 0049 898f | b801 0000 | 0f0d 89c0 | 0000 0048 | c703 0100 
  0x000002ae35914b40: 0000 0f0d | 8900 0100 

  0x000002ae35914b48: ;   {metadata({type array byte})}
  0x000002ae35914b48: 00c7 4308 | 9057 1600 | 4489 530c | 0f0d 8940 | 0100 000f | 0d89 8001 | 0000 488b | d348 83c2 
  0x000002ae35914b68: 1049 c1eb | 0385 ed0f | 8412 0700 | 0041 3bea | 0f8c f403 | 0000 4983 | c0f0 49c1 | e803 498b 
  0x000002ae35914b88: c9c5 f877 | 49ba 205c | 3735 ae02 | 0000 41ff 

  0x000002ae35914b98: ;   {other}
  0x000002ae35914b98: d20f 1f84 | 0000 0000 | 0041 807f | 3800 0f85 | 3303 0000 | 4c8b 5424 | 304d 8bda | 4c8b d349 
  0x000002ae35914bb8: c1ea 034c | 8b44 2430 | 4589 5014 | 4c8b c34d | 33c3 49c1 | e815 4d85 | c074 1a49 | c1eb 0948 
  0x000002ae35914bd8: b900 60a0 | 39ae 0200 | 0049 03cb | 8039 020f | 8532 0300 | 004c 8b5c | 2430 410f | be43 1045 
  0x000002ae35914bf8: 8b43 0c44 | 8b5c 2428 | 8b5c 2420 | 4489 4424 | 38e9 a7fb | ffff 6690 | 448b dec5 | f97e ce4c 
  0x000002ae35914c18: 8b44 2440 | 470f b744 | 5010 438d | 1432 4181 | f8ff 0000 | 000f 8f79 | 0100 0044 | 8844 1010 
  0x000002ae35914c38: 4963 ea4c | 8b44 2440 | 410f b77c | 6812 81ff | ff00 0000 | 0f8f 5f01 | 0000 c5f9 | 6ece 418b 
  0x000002ae35914c58: f345 0fb7 | 5c68 1447 | 8d04 3248 | 63d2 4088 | 7c10 1141 | 81fb ff00 | 0000 0f8f | 4401 0000 
  0x000002ae35914c78: 488b 7c24 | 400f b77c | 6f16 4963 | d044 885c | 1012 4183 | c003 81ff | ff00 0000 | 0f8f 2c01 
  0x000002ae35914c98: ;   {no_reloc}
  0x000002ae35914c98: 0000 4088 | 7c10 1341 | 83c2 0444 | 3bd1 0f8c | 64ff ffff | 498b 8f50 | 0400 0041 

  0x000002ae35914cb4: ; ImmutableOopMap {rax=Oop [48]=Oop [64]=Oop }
                      ;*goto {reexecute=1 rethrow=0 return_oop=0}
                      ; - (reexecute) java.lang.AbstractStringBuilder::appendChars@101 (line 1775)
                      ; - java.lang.AbstractStringBuilder::append@32 (line 752)
                      ;   {poll}
  0x000002ae35914cb4: ffc0 8501 | 0f1f 8400 | 0000 0000 | 453b d10f | 8d93 0300 | 0044 8bde | c5f9 7ece | e9b9 0000 
  0x000002ae35914cd4: 008b 5424 | 4c0f 1f80 | 0000 0000 | 443b da0f | 8d6e fdff | ff44 3bdb | 0f83 5306 | 0000 493b 
  0x000002ae35914cf4: c80f 834a | 0600 000f | 1f44 0000 

  0x000002ae35914d00: ; implicit exception: dispatches to 0x000002ae35915384
  0x000002ae35914d00: 438b 4cd4 | 0c48 63c9 | 4d63 c349 | 63de 4c03 | c34c 3bc1 | 0f83 6a06 | 0000 4c8b | 4424 204c 
  0x000002ae35914d20: 03c3 49ff | c84c 3bc1 | 0f83 5606 | 0000 4b8d | 04d4 458b | d34c 8b44 | 2440 430f | b74c 5010 
  0x000002ae35914d40: 478d 0432 | 81f9 ff00 | 0000 0f8f | 7a00 0000 | 4288 4c00 | 1041 ffc2 | 453b d17c | d84c 8b4c 
  0x000002ae35914d60: 2420 4983 | c1fd 4981 | f900 0000 | 8049 c7c0 | 0000 0080 | 4d0f 4cc8 | 458b c90f | 1f44 0000 
  0x000002ae35914d80: 453b d10f | 8dd7 0200 | 00bb a00f | 0000 418b | c941 2bca | 453b ca41 | 0f4c cd81 | f9a0 0f00 
  0x000002ae35914da0: 000f 47cb | 4103 cae9 | 6bfe ffff | 448b c2eb | 1941 ffc2 

  0x000002ae35914db4: ;   {no_reloc}
  0x000002ae35914db4: 448b c241 | ffc0 eb0e | 4183 c202 | 4183 c002 | eb04 4183 | c203 4489 | 5424 5045 | 8bd8 418b 
  0x000002ae35914dd4: eb4c 8b54 | 2430 4589 | 5a0c 488b | 5424 3090 

  0x000002ae35914de4: ;   {optimized virtual_call}
  0x000002ae35914de4: c5f8 77e8 

  0x000002ae35914de8: ; ImmutableOopMap {[48]=Oop [64]=Oop }
                      ;*invokevirtual inflate {reexecute=0 rethrow=0 return_oop=0}
                      ; - java.lang.AbstractStringBuilder::appendChars@70 (line 1781)
                      ; - java.lang.AbstractStringBuilder::append@32 (line 752)
  0x000002ae35914de8: f499 a7ff 

  0x000002ae35914dec: ;   {other}
  0x000002ae35914dec: 0f1f 8400 | 6408 0003 | 4c8b 5424 | 3045 8b5a | 1449 8bd3 | 48c1 e203 | 448b c54c | 8b4c 2440 
  0x000002ae35914e0c: 8b7c 2450 | 8b74 244c 

  0x000002ae35914e14: ;   {static_call}
  0x000002ae35914e14: c5f8 77e8 

  0x000002ae35914e18: ; ImmutableOopMap {[48]=Oop }
                      ;*invokestatic putCharsSB {reexecute=0 rethrow=0 return_oop=0}
                      ; - java.lang.AbstractStringBuilder::appendChars@83 (line 1782)
                      ; - java.lang.AbstractStringBuilder::append@32 (line 752)
  0x000002ae35914e18: c49f a7ff 

  0x000002ae35914e1c: ;   {other}
  0x000002ae35914e1c: 0f1f 8400 | 9408 0004 | 448b 4424 | 4c44 03c5 | 442b 4424 | 504c 8b54 | 2430 4589 | 420c e921 
  0x000002ae35914e3c: fcff ff4c | 6354 242c | 448b 4424 | 2c41 81f8 | 0000 1000 | 0f87 ee03 | 0000 498b | 9fb8 0100 
  0x000002ae35914e5c: 0049 8d4a | 1748 83e1 | f848 8bfb | 4803 f949 | 3bbf c801 | 0000 0f83 | cc03 0000 | 4989 bfb8 
  0x000002ae35914e7c: 0100 000f | 0d8f c000 | 0000 48c7 | 0301 0000 | 000f 0d8f | 0001 0000 

  0x000002ae35914e94: ;   {metadata({type array byte})}
  0x000002ae35914e94: c743 0890 | 5716 0044 | 8943 0c0f | 0d8f 4001 | 0000 0f0d | 8f80 0100 | 0048 8bd3 | 4883 c210 
  0x000002ae35914eb4: 4983 c207 | 49c1 ea03 | 498b c94d | 8bc2 c5f8 | 7749 ba20 | 5c37 35ae | 0200 0041 

  0x000002ae35914ed0: ;   {other}
  0x000002ae35914ed0: ffd2 0f1f | 8400 0000 | 0000 e9c2 | fcff ff4c | 8b54 2430 | 458b 5214 | 4585 d20f | 84bb fcff 
  0x000002ae35914ef0: ff4d 8b5f | 2849 8bca | 48c1 e103 | 0f1f 4000 | 4d85 db0f | 841b 0400 | 004d 8b57 | 304b 894c 
  0x000002ae35914f10: 1af8 4983 | c3f8 4d89 | 5f28 e98d | fcff ff4d | 8b57 404d | 8b5f 48f0 | 8344 24c0 | 0080 3900 
  0x000002ae35914f30: 7432 4488 | 214d 85d2 | 740f 4b89 | 4c13 f849 | 83c2 f84d | 8957 40eb | 1b49 8bd7 | c5f8 7749 
  0x000002ae35914f50: bab0 7a44 | 62f9 7f00 | 0041 ffd2 

  0x000002ae35914f5c: ;   {other}
  0x000002ae35914f5c: 0f1f 8400 | 0000 0000 | 4c8b 5424 | 3045 8b52 | 14e9 7bfc | ffff 4c63 | c54d 8d50 | 1049 8bca 
  0x000002ae35914f7c: 4883 e1f8 | 488b fb48 | 03f9 49c1 | ea03 4d2b | da49 8bcb | 4833 c048 | 83f9 087f | 1048 ffc9 
  0x000002ae35914f9c: 784f 4889 | 04cf 48ff | c97d f7eb | 44c5 fdef | c0e9 0d00 | 0000 c5fe | 7f07 c5fe | 7f47 2048 
  0x000002ae35914fbc: 83c7 4048 | 83e9 087d | ed48 83c1 | 047c 0cc5 | fe7f 0748 | 83c7 2048 | 83e9 0448 | 83c1 047e 
  0x000002ae35914fdc: 1048 ffc9 | c5f9 d607 | 4883 c708 | 48ff c97d | f349 8bc9 | c5f8 7749 | ba80 5537 | 35ae 0200 
  0x000002ae35914ffc: 0041 ffd2 

  0x000002ae35915000: ;   {other}
  0x000002ae35915000: 0f1f 8400 | 0000 0000 | e994 fbff | ff4c 8944 | 2458 4c89 | 5c24 504c | 894c 2438 | 4489 5424 
  0x000002ae35915020: ;   {metadata({type array byte})}
  0x000002ae35915020: 2448 ba90 | 5716 43ae | 0200 0045 | 8bc2 6690 

  0x000002ae35915030: ;   {runtime_call _new_array_nozero_Java}
  0x000002ae35915030: c5f8 77e8 

  0x000002ae35915034: ; ImmutableOopMap {[48]=Oop [64]=Oop [104]=Oop [56]=Derived_oop_[104] }
                      ;*newarray {reexecute=0 rethrow=0 return_oop=1}
                      ; - java.util.Arrays::copyOf@15 (line 3540)
                      ; - java.lang.AbstractStringBuilder::ensureCapacityInternal@32 (line 245)
                      ; - java.lang.AbstractStringBuilder::append@24 (line 751)
  0x000002ae35915034: 2814 b4ff 

  0x000002ae35915038: ;   {other}
  0x000002ae35915038: 0f1f 8400 | b00a 0005 | 448b 5424 | 244c 8b4c | 2438 4c8b | 5c24 504c | 8b44 2458 | 488b d8e9 
  0x000002ae35915058: 06fb ffff | c5f9 7ece | 443b 5424 | 4c0f 8dec | f9ff ff90 | 4c8b 5c24 | 4047 0fb7 | 4453 1047 
  0x000002ae35915078: 8d1c 320f | 1f44 0000 | 4181 f8ff | 0000 000f | 8f37 0300 | 0046 8844 | 1810 41ff | c244 3b54 
  0x000002ae35915098: 244c 7cd0 | 0f1f 4000 | e9b2 f9ff | ffba 76ff | ffff 488b | 6c24 3044 | 8b4c 244c | 4489 4c24 
  0x000002ae359150b8: 2c89 7c24 | 344c 8b44 | 2440 4c89 | 4424 3844 | 895c 2440 | 4489 5c24 | 4844 8954 | 2450 6690 
  0x000002ae359150d8: ;   {runtime_call UncommonTrapBlob}
  0x000002ae359150d8: c5f8 77e8 

  0x000002ae359150dc: ; ImmutableOopMap {rbp=Oop [56]=Oop [80]=NarrowOop }
                      ;*if_icmpge {reexecute=1 rethrow=0 return_oop=0}
                      ; - (reexecute) java.lang.StringUTF16::putChars@3 (line 1318)
                      ; - java.lang.StringUTF16::putCharsSB@17 (line 1495)
                      ; - java.lang.AbstractStringBuilder::appendChars@116 (line 1788)
                      ; - java.lang.AbstractStringBuilder::append@32 (line 752)
  0x000002ae359150dc: 80f2 a7ff 

  0x000002ae359150e0: ;   {other}
  0x000002ae359150e0: 0f1f 8400 | 580b 0006 | 458b d8e9 | 40f9 ffff | ba45 ffff | ff48 8b6c | 2430 4c89 | 4424 2044 
  0x000002ae35915100: 8b44 244c | 4489 4c24 | 3045 8bd0 | 4489 5424 | 3444 894c | 2438 897c | 243c 895c | 2440 6690 
  0x000002ae35915120: ;   {runtime_call UncommonTrapBlob}
  0x000002ae35915120: c5f8 77e8 

  0x000002ae35915124: ; ImmutableOopMap {rbp=Oop [32]=Oop }
                      ;*iflt {reexecute=1 rethrow=0 return_oop=0}
                      ; - (reexecute) jdk.internal.util.Preconditions::checkFromToIndex@1 (line 348)
                      ; - java.lang.AbstractStringBuilder::append@13 (line 750)
  0x000002ae35915124: 38f2 a7ff 

  0x000002ae35915128: ;   {other}
  0x000002ae35915128: 0f1f 8400 | a00b 0007 | ba45 ffff | ff4c 8b44 | 2430 4c89 | 4424 2844 | 895c 2448 | 4489 5424 
  0x000002ae35915148: 5889 7424 | 5c66 6690 

  0x000002ae35915150: ;   {runtime_call UncommonTrapBlob}
  0x000002ae35915150: c5f8 77e8 

  0x000002ae35915154: ; ImmutableOopMap {[40]=Oop [64]=Oop [88]=NarrowOop }
                      ;*iflt {reexecute=1 rethrow=0 return_oop=0}
                      ; - (reexecute) jdk.internal.util.Preconditions::checkFromToIndex@1 (line 348)
                      ; - java.lang.String::checkBoundsBeginEnd@6 (line 4963)
                      ; - java.lang.StringUTF16::checkBoundsBeginEnd@6 (line 1785)
                      ; - java.lang.StringUTF16::putCharsSB@8 (line 1494)
                      ; - java.lang.AbstractStringBuilder::appendChars@116 (line 1788)
                      ; - java.lang.AbstractStringBuilder::append@32 (line 752)
  0x000002ae35915154: 08f2 a7ff 

  0x000002ae35915158: ;   {other}
  0x000002ae35915158: 0f1f 8400 | d00b 0008 | ba45 ffff | ff48 8b6c | 2430 4c89 | 4424 2044 | 8b54 244c | 4489 4c24 
  0x000002ae35915178: 3044 8954 | 2434 4489 | 4c24 3844 | 8954 243c | 897c 2440 | 895c 2444 

  0x000002ae35915190: ;   {runtime_call UncommonTrapBlob}
  0x000002ae35915190: c5f8 77e8 

  0x000002ae35915194: ; ImmutableOopMap {rbp=Oop [32]=Oop }
                      ;*if_icmpgt {reexecute=1 rethrow=0 return_oop=0}
                      ; - (reexecute) jdk.internal.util.Preconditions::checkFromToIndex@6 (line 348)
                      ; - java.lang.AbstractStringBuilder::append@13 (line 750)
  0x000002ae35915194: c8f1 a7ff 

  0x000002ae35915198: ;   {other}
  0x000002ae35915198: 0f1f 8400 | 100c 0009 | ba45 ffff | ff48 8b6c | 2430 4c8b | 5424 404c | 8954 2420 | 448b 4424 
  0x000002ae359151b8: 4c44 894c | 2430 458b | d044 8954 | 2434 4489 | 5424 3889 | 7c24 3c89 | 5c24 4490 

  0x000002ae359151d4: ;   {runtime_call UncommonTrapBlob}
  0x000002ae359151d4: c5f8 77e8 

  0x000002ae359151d8: ; ImmutableOopMap {rbp=Oop [32]=Oop }
                      ;*if_icmple {reexecute=1 rethrow=0 return_oop=0}
                      ; - (reexecute) jdk.internal.util.Preconditions::checkFromToIndex@11 (line 348)
                      ; - java.lang.AbstractStringBuilder::append@13 (line 750)
  0x000002ae359151d8: 84f1 a7ff 

  0x000002ae359151dc: ;   {other}
  0x000002ae359151dc: 0f1f 8400 | 540c 000a | ba45 ffff | ff4c 8b44 | 2430 4c89 | 4424 2844 | 895c 2448 | 4489 5424 
  0x000002ae359151fc: 5889 7424 | 6066 6690 

  0x000002ae35915204: ;   {runtime_call UncommonTrapBlob}
  0x000002ae35915204: c5f8 77e8 

  0x000002ae35915208: ; ImmutableOopMap {[40]=Oop [64]=Oop [88]=NarrowOop }
                      ;*if_icmpgt {reexecute=1 rethrow=0 return_oop=0}
                      ; - (reexecute) jdk.internal.util.Preconditions::checkFromToIndex@6 (line 348)
                      ; - java.lang.String::checkBoundsBeginEnd@6 (line 4963)
                      ; - java.lang.StringUTF16::checkBoundsBeginEnd@6 (line 1785)
                      ; - java.lang.StringUTF16::putCharsSB@8 (line 1494)
                      ; - java.lang.AbstractStringBuilder::appendChars@116 (line 1788)
                      ; - java.lang.AbstractStringBuilder::append@32 (line 752)
  0x000002ae35915208: 54f1 a7ff 

  0x000002ae3591520c: ;   {other}
  0x000002ae3591520c: 0f1f 8400 | 840c 000b | ba45 ffff | ff4c 8b44 | 2430 4c89 | 4424 2844 | 895c 2448 | 4489 5424 
  0x000002ae3591522c: 5489 7424 | 5c66 6690 

  0x000002ae35915234: ;   {runtime_call UncommonTrapBlob}
  0x000002ae35915234: c5f8 77e8 

  0x000002ae35915238: ; ImmutableOopMap {[40]=Oop [64]=Oop [84]=NarrowOop }
                      ;*if_icmple {reexecute=1 rethrow=0 return_oop=0}
                      ; - (reexecute) jdk.internal.util.Preconditions::checkFromToIndex@11 (line 348)
                      ; - java.lang.String::checkBoundsBeginEnd@6 (line 4963)
                      ; - java.lang.StringUTF16::checkBoundsBeginEnd@6 (line 1785)
                      ; - java.lang.StringUTF16::putCharsSB@8 (line 1494)
                      ; - java.lang.AbstractStringBuilder::appendChars@116 (line 1788)
                      ; - java.lang.AbstractStringBuilder::append@32 (line 752)
  0x000002ae35915238: 24f1 a7ff 

  0x000002ae3591523c: ;   {other}
  0x000002ae3591523c: 0f1f 8400 | b40c 000c | 4c89 5424 | 584c 894c | 2450 4489 

  0x000002ae35915250: ;   {metadata({type array byte})}
  0x000002ae35915250: 5c24 3848 | ba90 5716 | 43ae 0200 | 0066 6690 

  0x000002ae35915260: ;   {runtime_call _new_array_nozero_Java}
  0x000002ae35915260: c5f8 77e8 

  0x000002ae35915264: ; ImmutableOopMap {rbp=Oop [56]=NarrowOop [64]=Oop [104]=Oop [80]=Derived_oop_[104] }
                      ;*invokevirtual clone {reexecute=1 rethrow=0 return_oop=1}
                      ; - (reexecute) java.util.Arrays::copyOf@7 (line 3538)
                      ; - java.lang.AbstractStringBuilder::ensureCapacityInternal@32 (line 245)
                      ; - java.lang.AbstractStringBuilder::append@24 (line 751)
  0x000002ae35915264: f811 b4ff 

  0x000002ae35915268: ;   {other}
  0x000002ae35915268: 0f1f 8400 | e00c 000d | 4889 6c24 | 304c 8b4c | 2450 4c8b | 5424 5848 | 8bd8 e926 | fcff ff49 
  0x000002ae35915288: 83c3 fe49 | 8bcb 488b | fa48 33c0 | 4883 f908 | 7f10 48ff | c978 4f48 | 8904 cf48 | ffc9 7df7 
  0x000002ae359152a8: eb44 c5fd | efc0 e90d | 0000 00c5 | fe7f 07c5 | fe7f 4720 | 4883 c740 | 4883 e908 | 7ded 4883 
  0x000002ae359152c8: c104 7c0c | c5fe 7f07 | 4883 c720 | 4883 e904 | 4883 c104 | 7e10 48ff | c9c5 f9d6 | 0748 83c7 
  0x000002ae359152e8: 0848 ffc9 | 7df3 e9ae | f8ff ffba | ccff ffff | 488b 6c24 | 304c 8b44 | 2440 4c89 | 4424 2044 
  0x000002ae35915308: 895c 2438 | 4489 5424 | 4066 6690 

  0x000002ae35915314: ;   {runtime_call UncommonTrapBlob}
  0x000002ae35915314: c5f8 77e8 

  0x000002ae35915318: ; ImmutableOopMap {rbp=Oop [32]=Oop [56]=NarrowOop }
                      ;*newarray {reexecute=1 rethrow=0 return_oop=0}
                      ; - (reexecute) java.util.Arrays::copyOf@15 (line 3540)
                      ; - java.lang.AbstractStringBuilder::ensureCapacityInternal@32 (line 245)
                      ; - java.lang.AbstractStringBuilder::append@24 (line 751)
  0x000002ae35915318: 44f0 a7ff 

  0x000002ae3591531c: ;   {other}
  0x000002ae3591531c: 0f1f 8400 | 940d 000e | 498b d7c5 | f877 49ba | d07a 4462 | f97f 0000 

  0x000002ae35915334: ;   {other}
  0x000002ae35915334: 41ff d20f | 1f84 0000 | 0000 0090 | e967 f8ff | ffba 76ff | ffff 488b | 6c24 304c | 8b44 2440 
  0x000002ae35915354: 4c89 4424 | 2844 8b44 | 244c 4489 | 4424 3444 | 895c 243c | 4489 5c24 | 4444 8954 | 244c 6690 
  0x000002ae35915374: ;   {runtime_call UncommonTrapBlob}
  0x000002ae35915374: c5f8 77e8 

  0x000002ae35915378: ; ImmutableOopMap {rbp=Oop [40]=Oop [76]=NarrowOop }
                      ;*if_icmpge {reexecute=1 rethrow=0 return_oop=0}
                      ; - (reexecute) java.lang.AbstractStringBuilder::appendChars@29 (line 1775)
                      ; - java.lang.AbstractStringBuilder::append@32 (line 752)
  0x000002ae35915378: e4ef a7ff 

  0x000002ae3591537c: ;   {other}
  0x000002ae3591537c: 0f1f 8400 | f40d 000f | babe ffff | ff48 8b6c | 2430 4c8b | 4424 404c | 8944 2428 | 448b 4c24 
  0x000002ae3591539c: 4c44 894c | 2434 4489 | 5c24 3c44 | 895c 2444 | 4489 5424 | 4c66 6690 

  0x000002ae359153b4: ;   {runtime_call UncommonTrapBlob}
  0x000002ae359153b4: c5f8 77e8 

  0x000002ae359153b8: ; ImmutableOopMap {rbp=Oop [40]=Oop [76]=NarrowOop }
                      ;*if_icmpge {reexecute=1 rethrow=0 return_oop=0}
                      ; - (reexecute) java.lang.AbstractStringBuilder::appendChars@29 (line 1775)
                      ; - java.lang.AbstractStringBuilder::append@32 (line 752)
  0x000002ae359153b8: a4ef a7ff 

  0x000002ae359153bc: ;   {other}
  0x000002ae359153bc: 0f1f 8400 | 340e 0010 | 4489 5424 | 50e9 04fa | ffff baf6 | ffff ff90 

  0x000002ae359153d4: ;   {runtime_call UncommonTrapBlob}
  0x000002ae359153d4: c5f8 77e8 

  0x000002ae359153d8: ; ImmutableOopMap {}
                      ;*arraylength {reexecute=0 rethrow=0 return_oop=0}
                      ; - java.lang.AbstractStringBuilder::append@9 (line 750)
  0x000002ae359153d8: 84ef a7ff 

  0x000002ae359153dc: ;   {other}
  0x000002ae359153dc: 0f1f 8400 | 540e 0011 | baf6 ffff | ff66 6690 

  0x000002ae359153ec: ;   {runtime_call UncommonTrapBlob}
  0x000002ae359153ec: c5f8 77e8 

  0x000002ae359153f0: ; ImmutableOopMap {}
                      ;*arraylength {reexecute=0 rethrow=0 return_oop=0}
                      ; - java.lang.AbstractStringBuilder::ensureCapacityInternal@4 (line 243)
                      ; - java.lang.AbstractStringBuilder::append@24 (line 751)
  0x000002ae359153f0: 6cef a7ff 

  0x000002ae359153f4: ;   {other}
  0x000002ae359153f4: 0f1f 8400 | 6c0e 0012 | baf6 ffff | ff66 6690 

  0x000002ae35915404: ;   {runtime_call UncommonTrapBlob}
  0x000002ae35915404: c5f8 77e8 

  0x000002ae35915408: ; ImmutableOopMap {}
                      ;*arraylength {reexecute=0 rethrow=0 return_oop=0}
                      ; - java.lang.StringUTF16::length@1 (line 85)
                      ; - java.lang.StringUTF16::checkBoundsBeginEnd@3 (line 1785)
                      ; - java.lang.StringUTF16::putCharsSB@8 (line 1494)
                      ; - java.lang.AbstractStringBuilder::appendChars@116 (line 1788)
                      ; - java.lang.AbstractStringBuilder::append@32 (line 752)
  0x000002ae35915408: 54ef a7ff 

  0x000002ae3591540c: ;   {other}
  0x000002ae3591540c: 0f1f 8400 | 840e 0013 | eb07 eb00 | 488b d0eb | 0348 8bd0 | c5f8 7748 | 81c4 8000 

  0x000002ae35915428: ;   {runtime_call _rethrow_Java}
  0x000002ae35915428: 0000 5de9 | 307f b4ff | ba97 ffff | ff66 6690 

  0x000002ae35915438: ;   {runtime_call UncommonTrapBlob}
  0x000002ae35915438: c5f8 77e8 

  0x000002ae3591543c: ; ImmutableOopMap {rbp=Oop [56]=NarrowOop [64]=Oop }
                      ;*invokevirtual clone {reexecute=1 rethrow=0 return_oop=0}
                      ; - (reexecute) java.util.Arrays::copyOf@7 (line 3538)
                      ; - java.lang.AbstractStringBuilder::ensureCapacityInternal@32 (line 245)
                      ; - java.lang.AbstractStringBuilder::append@24 (line 751)
  0x000002ae3591543c: 20ef a7ff 

  0x000002ae35915440: ;   {other}
  0x000002ae35915440: 0f1f 8400 | b80e 0014 

  0x000002ae35915448: ;   {internal_word}
  0x000002ae35915448: 49ba 704a | 9135 ae02 | 0000 4d89 | 9760 0400 

  0x000002ae35915458: ;   {runtime_call SafepointBlob}
  0x000002ae35915458: 00e9 82ff 

  0x000002ae3591545c: ;   {runtime_call StubRoutines (final stubs)}
  0x000002ae3591545c: a7ff e8dd | 22a6 ffe9 | e6f2 ffff 
[Stub Code]
  0x000002ae35915468: ;   {no_reloc}
  0x000002ae35915468: 48bb 0000 | 0000 0000 

  0x000002ae35915470: ;   {runtime_call nmethod}
  0x000002ae35915470: 0000 e9fb 

  0x000002ae35915474: ;   {static_stub}
  0x000002ae35915474: ffff ff48 | bb00 0000 | 0000 0000 

  0x000002ae35915480: ;   {runtime_call nmethod}
  0x000002ae35915480: 00e9 fbff 

  0x000002ae35915484: ;   {static_stub}
  0x000002ae35915484: ffff 48bb | 0000 0000 | 0000 0000 

  0x000002ae35915490: ;   {runtime_call nmethod}
  0x000002ae35915490: e9fb ffff 

  0x000002ae35915494: ;   {runtime_call ExceptionBlob}
  0x000002ae35915494: ffe9 c618 | b4ff e800 | 0000 0048 | 832c 2405 

  0x000002ae359154a4: ;   {runtime_call DeoptimizationBlob}
  0x000002ae359154a4: e9d7 f1a7 | fff4 f4f4 | f4f4 f4f4 
[/MachCode]


Compiled method (c2) 2949  846       4       java.io.StringWriter::write (25 bytes)
 total in heap  [0x000002ae35915588,0x000002ae35915b48] = 1472
 relocation     [0x000002ae35915660,0x000002ae359156a8] = 72
 main code      [0x000002ae359156c0,0x000002ae35915b00] = 1088
 stub code      [0x000002ae35915b00,0x000002ae35915b28] = 40
 metadata       [0x000002ae35915b28,0x000002ae35915b48] = 32
 immutable data [0x000002ae8879bfa0,0x000002ae8879c110] = 368
 dependencies   [0x000002ae8879bfa0,0x000002ae8879bfb0] = 16
 nul chk table  [0x000002ae8879bfb0,0x000002ae8879bfc0] = 16
 handler table  [0x000002ae8879bfc0,0x000002ae8879bfd8] = 24
 scopes pcs     [0x000002ae8879bfd8,0x000002ae8879c068] = 144
 scopes data    [0x000002ae8879c068,0x000002ae8879c110] = 168

[Constant Pool (empty)]

[MachCode]
[Instructions begin]
  0x000002ae359156c0: 6690 448b | 5208 443b 

  0x000002ae359156c8: ;   {runtime_call ic_miss_stub}
  0x000002ae359156c8: 5008 0f85 | 108e a7ff 
[Verified Entry Point]
  0x000002ae359156d0: 8984 2400 | 80ff ff55 | 4883 ec60 | 4181 7f20 | 0500 0000 | 0f85 0704 | 0000 488b | ca89 7c24 
  0x000002ae359156f0: 3444 894c | 2430 4c89 | 4424 4845 | 8b58 0c41 | 8beb 410b | e90b ef0f | 8c09 0200 | 0041 8beb 
  0x000002ae35915710: 412b e93b | fd0f 8f36 | 0200 000f | 1f44 0000 | 85ff 0f84 | 4802 0000 | 8b7a 1485 | ff0f 8481 
  0x000002ae35915730: 0100 0049 | 8d2c fc48 | 8d5c 2450 | 4c8b 5500 | 418b 9f18 | 0600 0041 | f6c2 020f | 8538 0000 
  0x000002ae35915750: 0081 fb67 | 0600 000f | 8f4c 0000 | 0049 3b6c | 1ff8 7417 | 498b c248 | 83c8 0149 | 83e2 fef0 
  0x000002ae35915770: 4c0f b155 | 000f 852e | 0000 0049 | 892c 1f41 | 8387 1806 | 0000 08eb | 1748 33c0 | f04d 0fb1 
  0x000002ae35915790: 7a3e 740c | 4c3b f875 | 1049 ff82 | 8600 0000 | 49ff 8750 | 0500 0033 | c00f 851d | 0100 0041 
  0x000002ae359157b0: 807f 3800 | 0f85 c200 | 0000 4589 | 64fc 1848 | 8bd5 4c8b | 4424 4844 

  0x000002ae359157c8: ;   {no_reloc}
  0x000002ae359157c8: 8b4c 2430 | 8b7c 2434 

  0x000002ae359157d0: ;   {optimized virtual_call}
  0x000002ae359157d0: 6666 90e8 

  0x000002ae359157d4: ; ImmutableOopMap {rbp=Oop }
                      ;*invokespecial append {reexecute=0 rethrow=0 return_oop=1}
                      ; - java.lang.StringBuffer::append@9 (line 410)
                      ; - java.io.StringWriter::write@20 (line 99)
  0x000002ae359157d4: 58ef ffff 

  0x000002ae359157d8: ;   {other}
  0x000002ae359157d8: 0f1f 8400 | 5002 0000 | 488d 4424 | 5049 ff8f | 5005 0000 | 418b 8718 | 0600 004c | 8b55 0049 
  0x000002ae359157f8: 3b6c 07f8 | 0f85 2f00 | 0000 4183 | af18 0600 | 0008 493b | 6c07 f00f | 844e 0000 | 0049 8bc2 
  0x000002ae35915818: 4883 e0fc | 4983 ca01 | f04c 0fb1 | 5500 0f85 | 7e02 0000 | e932 0000 | 0049 83ba | 8600 0000 
  0x000002ae35915838: 0075 1e49 | 8b82 9600 | 0000 490b | 828e 0000 | 000f 856f | 0200 0049 | c742 3e00 | 0000 00eb 
  0x000002ae35915858: 0a49 ff8a | 8600 0000 | 4533 d20f | 8588 0000 | 0048 83c4 

  0x000002ae3591586c: ;   {poll_return}
  0x000002ae3591586c: 605d 493b | a748 0400 | 000f 8719 | 0200 00c3 | 458b 5cfc | 1845 85db | 0f84 30ff | ffff 4d8b 
  0x000002ae3591588c: 5728 498b | cb48 c1e1 | 034d 85d2 | 0f84 9600 | 0000 4d8b | 5f30 4b89 | 4c13 f849 | 83c2 f84d 
  0x000002ae359158ac: 8957 28e9 | 06ff ffff | baf6 ffff | ff49 8be8 

  0x000002ae359158bc: ;   {runtime_call UncommonTrapBlob}
  0x000002ae359158bc: 6666 90e8 

  0x000002ae359158c0: ; ImmutableOopMap {rbp=Oop }
                      ;*invokevirtual append {reexecute=0 rethrow=0 return_oop=0}
                      ; - java.io.StringWriter::write@20 (line 99)
  0x000002ae359158c0: 9cea a7ff 

  0x000002ae359158c4: ;   {other}
  0x000002ae359158c4: 0f1f 8400 | 3c03 0001 | 897c 2440 | 488b d54c | 8d44 2450 

  0x000002ae359158d8: ;   {runtime_call _complete_monitor_locking_Java}
  0x000002ae359158d8: 6666 90e8 

  0x000002ae359158dc: ; ImmutableOopMap {rbp=Oop [64]=NarrowOop [72]=Oop }
                      ;*synchronization entry
                      ; - java.lang.StringBuffer::append@-1 (line 409)
                      ; - java.io.StringWriter::write@20 (line 99)
  0x000002ae359158dc: 0068 b4ff 

  0x000002ae359158e0: ;   {other}
  0x000002ae359158e0: 0f1f 8400 | 5803 0002 | 8b7c 2440 | e9be feff | ff48 8bcd | 488d 5424 | 504d 8bc7 | 49ba d06f 
  0x000002ae35915900: 8762 f97f | 0000 41ff 

  0x000002ae35915908: ;   {other}
  0x000002ae35915908: d20f 1f84 | 0000 0000 | 00e9 53ff | ffff ba45 | ffff ff48 | 894c 2420 | 4489 5c24 

  0x000002ae35915924: ;   {runtime_call UncommonTrapBlob}
  0x000002ae35915924: 4066 90e8 

  0x000002ae35915928: ; ImmutableOopMap {[32]=Oop [72]=Oop }
                      ;*iflt {reexecute=1 rethrow=0 return_oop=0}
                      ; - (reexecute) jdk.internal.util.Preconditions::checkFromIndexSize@5 (line 396)
                      ; - java.util.Objects::checkFromIndexSize@4 (line 417)
                      ; - java.io.StringWriter::write@4 (line 95)
  0x000002ae35915928: 34ea a7ff 

  0x000002ae3591592c: ;   {other}
  0x000002ae3591592c: 0f1f 8400 | a403 0003 | 498b d749 | bad0 7a44 | 62f9 7f00 | 0041 ffd2 

  0x000002ae35915944: ;   {other}
  0x000002ae35915944: 0f1f 8400 | 0000 0000 | e969 feff | ffba 45ff | ffff 4889 | 4c24 2044 | 895c 2440 

  0x000002ae35915960: ;   {runtime_call UncommonTrapBlob}
  0x000002ae35915960: 6666 90e8 

  0x000002ae35915964: ; ImmutableOopMap {[32]=Oop [72]=Oop }
                      ;*if_icmple {reexecute=1 rethrow=0 return_oop=0}
                      ; - (reexecute) jdk.internal.util.Preconditions::checkFromIndexSize@12 (line 396)
                      ; - java.util.Objects::checkFromIndexSize@4 (line 417)
                      ; - java.io.StringWriter::write@4 (line 95)
  0x000002ae35915964: f8e9 a7ff 

  0x000002ae35915968: ;   {other}
  0x000002ae35915968: 0f1f 8400 | e003 0004 | ba45 ffff 

  0x000002ae35915974: ;   {runtime_call UncommonTrapBlob}
  0x000002ae35915974: ff8b efe8 

  0x000002ae35915978: ; ImmutableOopMap {}
                      ;*ifne {reexecute=1 rethrow=0 return_oop=0}
                      ; - (reexecute) java.io.StringWriter::write@9 (line 96)
  0x000002ae35915978: e4e9 a7ff 

  0x000002ae3591597c: ;   {other}
  0x000002ae3591597c: 0f1f 8400 | f403 0005 | 488b d848 | 8d44 2450 | 49ff 8f50 | 0500 0041 | 8b87 1806 | 0000 4c8b 
  0x000002ae3591599c: 5500 493b | 6c07 f80f | 852f 0000 | 0041 83af | 1806 0000 | 0849 3b6c | 07f0 0f84 | 4e00 0000 
  0x000002ae359159bc: 498b c248 | 83e0 fc49 | 83ca 01f0 | 4c0f b155 | 000f 857d | 0000 00e9 | 3200 0000 | 4983 ba86 
  0x000002ae359159dc: 0000 0000 | 751e 498b | 8296 0000 | 0049 0b82 | 8e00 0000 | 0f85 6b00 | 0000 49c7 | 423e 0000 
  0x000002ae359159fc: 0000 eb0a | 49ff 8a86 | 0000 0045 | 33d2 750d | 488b d348 | 83c4 605d 

  0x000002ae35915a14: ;   {runtime_call _rethrow_Java}
  0x000002ae35915a14: e947 79b4 | ff48 8bcd | 488d 5424 | 504d 8bc7 | 49ba d06f | 8762 f97f | 0000 41ff 

  0x000002ae35915a30: ;   {other}
  0x000002ae35915a30: d20f 1f84 | 0000 0000 | 00eb d1ba | f6ff ffff 

  0x000002ae35915a40: ;   {runtime_call UncommonTrapBlob}
  0x000002ae35915a40: 6666 90e8 

  0x000002ae35915a44: ; ImmutableOopMap {}
                      ;*arraylength {reexecute=0 rethrow=0 return_oop=0}
                      ; - java.io.StringWriter::write@3 (line 95)
  0x000002ae35915a44: 18e9 a7ff 

  0x000002ae35915a48: ;   {other}
  0x000002ae35915a48: 0f1f 8400 | c004 0006 | 4183 8718 | 0600 0008 | 49ff 8750 | 0500 00eb | a949 83ba | 9e00 0000 
  0x000002ae35915a68: 0074 ed49 | c742 3e00 | 0000 00f0 | 8304 2400 | 4983 ba9e | 0000 0000 | 750b 4833 | c0f0 4d0f 
  0x000002ae35915a88: b17a 3e74 | cb33 c0e9 | 76ff ffff 

  0x000002ae35915a94: ;   {internal_word}
  0x000002ae35915a94: 49ba 6e58 | 9135 ae02 | 0000 4d89 | 9760 0400 

  0x000002ae35915aa4: ;   {runtime_call SafepointBlob}
  0x000002ae35915aa4: 00e9 36f9 | a7ff 4183 | 8718 0600 | 0008 49ff | 8750 0500 | 00e9 a5fd | ffff 4983 | ba9e 0000 
  0x000002ae35915ac4: 0000 74ea | 49c7 423e | 0000 0000 | f083 0424 | 0049 83ba | 9e00 0000 | 0075 0b48 | 33c0 f04d 
  0x000002ae35915ae4: 0fb1 7a3e | 74c8 33c0 | e972 fdff 

  0x000002ae35915af0: ;   {runtime_call StubRoutines (final stubs)}
  0x000002ae35915af0: ffe8 4a1c | a6ff e9ef | fbff fff4 | f4f4 f4f4 
[Stub Code]
  0x000002ae35915b00: ;   {no_reloc}
  0x000002ae35915b00: 48bb 0000 | 0000 0000 

  0x000002ae35915b08: ;   {runtime_call nmethod}
  0x000002ae35915b08: 0000 e9fb 

  0x000002ae35915b0c: ;   {runtime_call ExceptionBlob}
  0x000002ae35915b0c: ffff ffe9 | 4c12 b4ff 
[Deopt Handler Code]
  0x000002ae35915b14: e800 0000 | 0048 832c 

  0x000002ae35915b1c: ;   {runtime_call DeoptimizationBlob}
  0x000002ae35915b1c: 2405 e95d | eba7 fff4 | f4f4 f4f4 
[/MachCode]


---------------  P R O C E S S  ---------------

Threads class SMR info:
_java_thread_list=0x000002ae8824b7f0, length=12, elements={
0x000002ae25482810, 0x000002ae42f64690, 0x000002ae42f655b0, 0x000002ae42f68130,
0x000002ae42f6b340, 0x000002ae42f6e140, 0x000002ae42f6bda0, 0x000002ae42f6c740,
0x000002ae42f73750, 0x000002ae88045c30, 0x000002ae88245550, 0x000002ae882463d0
}

Java Threads: ( => current thread )
=>0x000002ae25482810 JavaThread "main"                              [_thread_in_vm, id=16480, stack(0x000000cda6000000,0x000000cda6100000) (1024K)]
  0x000002ae42f64690 JavaThread "Reference Handler"          daemon [_thread_blocked, id=8892, stack(0x000000cda6900000,0x000000cda6a00000) (1024K)]
  0x000002ae42f655b0 JavaThread "Finalizer"                  daemon [_thread_blocked, id=11520, stack(0x000000cda6a00000,0x000000cda6b00000) (1024K)]
  0x000002ae42f68130 JavaThread "Signal Dispatcher"          daemon [_thread_blocked, id=18188, stack(0x000000cda6b00000,0x000000cda6c00000) (1024K)]
  0x000002ae42f6b340 JavaThread "Attach Listener"            daemon [_thread_blocked, id=10856, stack(0x000000cda6c00000,0x000000cda6d00000) (1024K)]
  0x000002ae42f6e140 JavaThread "Service Thread"             daemon [_thread_blocked, id=18004, stack(0x000000cda6d00000,0x000000cda6e00000) (1024K)]
  0x000002ae42f6bda0 JavaThread "Monitor Deflation Thread"   daemon [_thread_blocked, id=17368, stack(0x000000cda6e00000,0x000000cda6f00000) (1024K)]
  0x000002ae42f6c740 JavaThread "C2 CompilerThread0"         daemon [_thread_blocked, id=11564, stack(0x000000cda6f00000,0x000000cda7000000) (1024K)]
  0x000002ae42f73750 JavaThread "C1 CompilerThread0"         daemon [_thread_blocked, id=15572, stack(0x000000cda7000000,0x000000cda7100000) (1024K)]
  0x000002ae88045c30 JavaThread "Common-Cleaner"             daemon [_thread_blocked, id=11156, stack(0x000000cda7100000,0x000000cda7200000) (1024K)]
  0x000002ae88245550 JavaThread "Monitor Ctrl-Break"         daemon [_thread_in_native, id=10420, stack(0x000000cda7200000,0x000000cda7300000) (1024K)]
  0x000002ae882463d0 JavaThread "Notification Thread"        daemon [_thread_blocked, id=16696, stack(0x000000cda7300000,0x000000cda7400000) (1024K)]
Total: 12

Other Threads:
  0x000002ae42f4d290 VMThread "VM Thread"                           [id=14764, stack(0x000000cda6800000,0x000000cda6900000) (1024K)]
  0x000002ae42f386d0 WatcherThread "VM Periodic Task Thread"        [id=4736, stack(0x000000cda6700000,0x000000cda6800000) (1024K)]
  0x000002ae254d6db0 WorkerThread "GC Thread#0"                     [id=1520, stack(0x000000cda6200000,0x000000cda6300000) (1024K)]
  0x000002ae88391a50 WorkerThread "GC Thread#1"                     [id=17124, stack(0x000000cda7500000,0x000000cda7600000) (1024K)]
  0x000002ae88390080 WorkerThread "GC Thread#2"                     [id=18728, stack(0x000000cda7600000,0x000000cda7700000) (1024K)]
  0x000002ae88390430 WorkerThread "GC Thread#3"                     [id=6536, stack(0x000000cda7700000,0x000000cda7800000) (1024K)]
  0x000002ae254e6e20 ConcurrentGCThread "G1 Main Marker"            [id=17088, stack(0x000000cda6300000,0x000000cda6400000) (1024K)]
  0x000002ae254e80d0 WorkerThread "G1 Conc#0"                       [id=32, stack(0x000000cda6400000,0x000000cda6500000) (1024K)]
  0x000002ae42e110a0 ConcurrentGCThread "G1 Refine#0"               [id=13428, stack(0x000000cda6500000,0x000000cda6600000) (1024K)]
  0x000002ae42e11ac0 ConcurrentGCThread "G1 Service"                [id=1744, stack(0x000000cda6600000,0x000000cda6700000) (1024K)]
Total: 10

Threads with active compile tasks:
Total: 0

VM state: not at safepoint (normal execution)

VM Mutex/Monitor currently owned by a thread:  ([mutex/lock_event])
[0x00007ff962e0cde8] Heap_lock - owner thread: 0x000002ae25482810

Heap address: 0x0000000741400000, size: 3052 MB, Compressed Oops mode: Zero based, Oop shift amount: 3

CDS archive(s) mapped at: [0x000002ae43000000-0x000002ae43d70000-0x000002ae43d70000), size 14090240, SharedBaseAddress: 0x000002ae43000000, ArchiveRelocationMode: 1.
Compressed class space mapped at: 0x000002ae44000000-0x000002ae84000000, reserved size: 1073741824
Narrow klass base: 0x000002ae43000000, Narrow klass shift: 0, Narrow klass range: 0x41000000

GC Precious Log:
 CardTable entry size: 512
 Card Set container configuration: InlinePtr #cards 4 size 8 Array Of Cards #cards 16 size 48 Howl #buckets 8 coarsen threshold 3686 Howl Bitmap #cards 512 size 80 coarsen threshold 460 Card regions per heap region 1 cards per card region 4096
 CPUs: 4 total, 4 available
 Memory: 12204M
 Large Page Support: Disabled
 NUMA Support: Disabled
 Compressed Oops: Enabled (Zero based)
 Heap Region Size: 2M
 Heap Min Capacity: 8M
 Heap Initial Capacity: 192M
 Heap Max Capacity: 3052M
 Pre-touch: Disabled
 Parallel Workers: 4
 Concurrent Workers: 1
 Concurrent Refinement Workers: 4
 Periodic GC: Disabled

Heap:
 garbage-first heap   total reserved 3125248K, committed 759808K, used 266154K [0x0000000741400000, 0x0000000800000000)
  region size 2048K, 1 young (2048K), 1 survivors (2048K)
 Metaspace       used 4070K, committed 4288K, reserved 1114112K
  class space    used 321K, committed 448K, reserved 1048576K

Heap Regions: E=young(eden), S=young(survivor), O=old, HS=humongous(starts), HC=humongous(continues), CS=collection set, F=free, TAMS=top-at-mark-start, PB=parsable bottom
|   0|0x0000000741400000, 0x0000000741579c58, 0x0000000741600000| 73%| O|  |TAMS 0x0000000741400000| PB 0x0000000741400000| Untracked |  0
|   1|0x0000000741600000, 0x0000000741600000, 0x0000000741800000|  0%| F|  |TAMS 0x0000000741600000| PB 0x0000000741600000| Untracked |  0
|   2|0x0000000741800000, 0x0000000741800000, 0x0000000741a00000|  0%| F|  |TAMS 0x0000000741800000| PB 0x0000000741800000| Untracked |  0
|   3|0x0000000741a00000, 0x0000000741a00000, 0x0000000741c00000|  0%| F|  |TAMS 0x0000000741a00000| PB 0x0000000741a00000| Untracked |  0
|   4|0x0000000741c00000, 0x0000000741c00000, 0x0000000741e00000|  0%| F|  |TAMS 0x0000000741c00000| PB 0x0000000741c00000| Untracked |  0
|   5|0x0000000741e00000, 0x0000000741e00000, 0x0000000742000000|  0%| F|  |TAMS 0x0000000741e00000| PB 0x0000000741e00000| Untracked |  0
|   6|0x0000000742000000, 0x0000000742000000, 0x0000000742200000|  0%| F|  |TAMS 0x0000000742000000| PB 0x0000000742000000| Untracked |  0
|   7|0x0000000742200000, 0x0000000742200000, 0x0000000742400000|  0%| F|  |TAMS 0x0000000742200000| PB 0x0000000742200000| Untracked |  0
|   8|0x0000000742400000, 0x0000000742400000, 0x0000000742600000|  0%| F|  |TAMS 0x0000000742400000| PB 0x0000000742400000| Untracked |  0
|   9|0x0000000742600000, 0x0000000742600000, 0x0000000742800000|  0%| F|  |TAMS 0x0000000742600000| PB 0x0000000742600000| Untracked |  0
|  10|0x0000000742800000, 0x0000000742800000, 0x0000000742a00000|  0%| F|  |TAMS 0x0000000742800000| PB 0x0000000742800000| Untracked |  0
|  11|0x0000000742a00000, 0x0000000742a00000, 0x0000000742c00000|  0%| F|  |TAMS 0x0000000742a00000| PB 0x0000000742a00000| Untracked |  0
|  12|0x0000000742c00000, 0x0000000742c00000, 0x0000000742e00000|  0%| F|  |TAMS 0x0000000742c00000| PB 0x0000000742c00000| Untracked |  0
|  13|0x0000000742e00000, 0x0000000742e00000, 0x0000000743000000|  0%| F|  |TAMS 0x0000000742e00000| PB 0x0000000742e00000| Untracked |  0
|  14|0x0000000743000000, 0x0000000743000000, 0x0000000743200000|  0%| F|  |TAMS 0x0000000743000000| PB 0x0000000743000000| Untracked |  0
|  15|0x0000000743200000, 0x0000000743200000, 0x0000000743400000|  0%| F|  |TAMS 0x0000000743200000| PB 0x0000000743200000| Untracked |  0
|  16|0x0000000743400000, 0x0000000743400000, 0x0000000743600000|  0%| F|  |TAMS 0x0000000743400000| PB 0x0000000743400000| Untracked |  0
|  17|0x0000000743600000, 0x0000000743600000, 0x0000000743800000|  0%| F|  |TAMS 0x0000000743600000| PB 0x0000000743600000| Untracked |  0
|  18|0x0000000743800000, 0x0000000743800000, 0x0000000743a00000|  0%| F|  |TAMS 0x0000000743800000| PB 0x0000000743800000| Untracked |  0
|  19|0x0000000743a00000, 0x0000000743a00000, 0x0000000743c00000|  0%| F|  |TAMS 0x0000000743a00000| PB 0x0000000743a00000| Untracked |  0
|  20|0x0000000743c00000, 0x0000000743c00000, 0x0000000743e00000|  0%| F|  |TAMS 0x0000000743c00000| PB 0x0000000743c00000| Untracked |  0
|  21|0x0000000743e00000, 0x0000000743e00000, 0x0000000744000000|  0%| F|  |TAMS 0x0000000743e00000| PB 0x0000000743e00000| Untracked |  0
|  22|0x0000000744000000, 0x0000000744000000, 0x0000000744200000|  0%| F|  |TAMS 0x0000000744000000| PB 0x0000000744000000| Untracked |  0
|  23|0x0000000744200000, 0x0000000744200000, 0x0000000744400000|  0%| F|  |TAMS 0x0000000744200000| PB 0x0000000744200000| Untracked |  0
|  24|0x0000000744400000, 0x0000000744400000, 0x0000000744600000|  0%| F|  |TAMS 0x0000000744400000| PB 0x0000000744400000| Untracked |  0
|  25|0x0000000744600000, 0x0000000744600000, 0x0000000744800000|  0%| F|  |TAMS 0x0000000744600000| PB 0x0000000744600000| Untracked |  0
|  26|0x0000000744800000, 0x0000000744800000, 0x0000000744a00000|  0%| F|  |TAMS 0x0000000744800000| PB 0x0000000744800000| Untracked |  0
|  27|0x0000000744a00000, 0x0000000744a00000, 0x0000000744c00000|  0%| F|  |TAMS 0x0000000744a00000| PB 0x0000000744a00000| Untracked |  0
|  28|0x0000000744c00000, 0x0000000744c00000, 0x0000000744e00000|  0%| F|  |TAMS 0x0000000744c00000| PB 0x0000000744c00000| Untracked |  0
|  29|0x0000000744e00000, 0x0000000744e00000, 0x0000000745000000|  0%| F|  |TAMS 0x0000000744e00000| PB 0x0000000744e00000| Untracked |  0
|  30|0x0000000745000000, 0x0000000745000000, 0x0000000745200000|  0%| F|  |TAMS 0x0000000745000000| PB 0x0000000745000000| Untracked |  0
|  31|0x0000000745200000, 0x0000000745200000, 0x0000000745400000|  0%| F|  |TAMS 0x0000000745200000| PB 0x0000000745200000| Untracked |  0
|  32|0x0000000745400000, 0x0000000745400000, 0x0000000745600000|  0%| F|  |TAMS 0x0000000745400000| PB 0x0000000745400000| Untracked |  0
|  33|0x0000000745600000, 0x0000000745600000, 0x0000000745800000|  0%| F|  |TAMS 0x0000000745600000| PB 0x0000000745600000| Untracked |  0
|  34|0x0000000745800000, 0x0000000745800000, 0x0000000745a00000|  0%| F|  |TAMS 0x0000000745800000| PB 0x0000000745800000| Untracked |  0
|  35|0x0000000745a00000, 0x0000000745a00000, 0x0000000745c00000|  0%| F|  |TAMS 0x0000000745a00000| PB 0x0000000745a00000| Untracked |  0
|  36|0x0000000745c00000, 0x0000000745c00000, 0x0000000745e00000|  0%| F|  |TAMS 0x0000000745c00000| PB 0x0000000745c00000| Untracked |  0
|  37|0x0000000745e00000, 0x0000000745e00000, 0x0000000746000000|  0%| F|  |TAMS 0x0000000745e00000| PB 0x0000000745e00000| Untracked |  0
|  38|0x0000000746000000, 0x0000000746000000, 0x0000000746200000|  0%| F|  |TAMS 0x0000000746000000| PB 0x0000000746000000| Untracked |  0
|  39|0x0000000746200000, 0x0000000746200000, 0x0000000746400000|  0%| F|  |TAMS 0x0000000746200000| PB 0x0000000746200000| Untracked |  0
|  40|0x0000000746400000, 0x0000000746400000, 0x0000000746600000|  0%| F|  |TAMS 0x0000000746400000| PB 0x0000000746400000| Untracked |  0
|  41|0x0000000746600000, 0x0000000746600000, 0x0000000746800000|  0%| F|  |TAMS 0x0000000746600000| PB 0x0000000746600000| Untracked |  0
|  42|0x0000000746800000, 0x0000000746800000, 0x0000000746a00000|  0%| F|  |TAMS 0x0000000746800000| PB 0x0000000746800000| Untracked |  0
|  43|0x0000000746a00000, 0x0000000746a00000, 0x0000000746c00000|  0%| F|  |TAMS 0x0000000746a00000| PB 0x0000000746a00000| Untracked |  0
|  44|0x0000000746c00000, 0x0000000746c00000, 0x0000000746e00000|  0%| F|  |TAMS 0x0000000746c00000| PB 0x0000000746c00000| Untracked |  0
|  45|0x0000000746e00000, 0x0000000746e00000, 0x0000000747000000|  0%| F|  |TAMS 0x0000000746e00000| PB 0x0000000746e00000| Untracked |  0
|  46|0x0000000747000000, 0x0000000747000000, 0x0000000747200000|  0%| F|  |TAMS 0x0000000747000000| PB 0x0000000747000000| Untracked |  0
|  47|0x0000000747200000, 0x0000000747200000, 0x0000000747400000|  0%| F|  |TAMS 0x0000000747200000| PB 0x0000000747200000| Untracked |  0
|  48|0x0000000747400000, 0x0000000747400000, 0x0000000747600000|  0%| F|  |TAMS 0x0000000747400000| PB 0x0000000747400000| Untracked |  0
|  49|0x0000000747600000, 0x0000000747600000, 0x0000000747800000|  0%| F|  |TAMS 0x0000000747600000| PB 0x0000000747600000| Untracked |  0
|  50|0x0000000747800000, 0x0000000747800000, 0x0000000747a00000|  0%| F|  |TAMS 0x0000000747800000| PB 0x0000000747800000| Untracked |  0
|  51|0x0000000747a00000, 0x0000000747a00000, 0x0000000747c00000|  0%| F|  |TAMS 0x0000000747a00000| PB 0x0000000747a00000| Untracked |  0
|  52|0x0000000747c00000, 0x0000000747c00000, 0x0000000747e00000|  0%| F|  |TAMS 0x0000000747c00000| PB 0x0000000747c00000| Untracked |  0
|  53|0x0000000747e00000, 0x0000000747e00000, 0x0000000748000000|  0%| F|  |TAMS 0x0000000747e00000| PB 0x0000000747e00000| Untracked |  0
|  54|0x0000000748000000, 0x0000000748000000, 0x0000000748200000|  0%| F|  |TAMS 0x0000000748000000| PB 0x0000000748000000| Untracked |  0
|  55|0x0000000748200000, 0x0000000748200000, 0x0000000748400000|  0%| F|  |TAMS 0x0000000748200000| PB 0x0000000748200000| Untracked |  0
|  56|0x0000000748400000, 0x0000000748400000, 0x0000000748600000|  0%| F|  |TAMS 0x0000000748400000| PB 0x0000000748400000| Untracked |  0
|  57|0x0000000748600000, 0x0000000748600000, 0x0000000748800000|  0%| F|  |TAMS 0x0000000748600000| PB 0x0000000748600000| Untracked |  0
|  58|0x0000000748800000, 0x0000000748800000, 0x0000000748a00000|  0%| F|  |TAMS 0x0000000748800000| PB 0x0000000748800000| Untracked |  0
|  59|0x0000000748a00000, 0x0000000748a00000, 0x0000000748c00000|  0%| F|  |TAMS 0x0000000748a00000| PB 0x0000000748a00000| Untracked |  0
|  60|0x0000000748c00000, 0x0000000748c00000, 0x0000000748e00000|  0%| F|  |TAMS 0x0000000748c00000| PB 0x0000000748c00000| Untracked |  0
|  61|0x0000000748e00000, 0x0000000748e00000, 0x0000000749000000|  0%| F|  |TAMS 0x0000000748e00000| PB 0x0000000748e00000| Untracked |  0
|  62|0x0000000749000000, 0x0000000749000000, 0x0000000749200000|  0%| F|  |TAMS 0x0000000749000000| PB 0x0000000749000000| Untracked |  0
|  63|0x0000000749200000, 0x0000000749200000, 0x0000000749400000|  0%| F|  |TAMS 0x0000000749200000| PB 0x0000000749200000| Untracked |  0
|  64|0x0000000749400000, 0x0000000749400000, 0x0000000749600000|  0%| F|  |TAMS 0x0000000749400000| PB 0x0000000749400000| Untracked |  0
|  65|0x0000000749600000, 0x0000000749600000, 0x0000000749800000|  0%| F|  |TAMS 0x0000000749600000| PB 0x0000000749600000| Untracked |  0
|  66|0x0000000749800000, 0x0000000749800000, 0x0000000749a00000|  0%| F|  |TAMS 0x0000000749800000| PB 0x0000000749800000| Untracked |  0
|  67|0x0000000749a00000, 0x0000000749a00000, 0x0000000749c00000|  0%| F|  |TAMS 0x0000000749a00000| PB 0x0000000749a00000| Untracked |  0
|  68|0x0000000749c00000, 0x0000000749c00000, 0x0000000749e00000|  0%| F|  |TAMS 0x0000000749c00000| PB 0x0000000749c00000| Untracked |  0
|  69|0x0000000749e00000, 0x0000000749e00000, 0x000000074a000000|  0%| F|  |TAMS 0x0000000749e00000| PB 0x0000000749e00000| Untracked |  0
|  70|0x000000074a000000, 0x000000074a000000, 0x000000074a200000|  0%| F|  |TAMS 0x000000074a000000| PB 0x000000074a000000| Untracked |  0
|  71|0x000000074a200000, 0x000000074a200000, 0x000000074a400000|  0%| F|  |TAMS 0x000000074a200000| PB 0x000000074a200000| Untracked |  0
|  72|0x000000074a400000, 0x000000074a400000, 0x000000074a600000|  0%| F|  |TAMS 0x000000074a400000| PB 0x000000074a400000| Untracked |  0
|  73|0x000000074a600000, 0x000000074a600000, 0x000000074a800000|  0%| F|  |TAMS 0x000000074a600000| PB 0x000000074a600000| Untracked |  0
|  74|0x000000074a800000, 0x000000074a800000, 0x000000074aa00000|  0%| F|  |TAMS 0x000000074a800000| PB 0x000000074a800000| Untracked |  0
|  75|0x000000074aa00000, 0x000000074aa00000, 0x000000074ac00000|  0%| F|  |TAMS 0x000000074aa00000| PB 0x000000074aa00000| Untracked |  0
|  76|0x000000074ac00000, 0x000000074ac00000, 0x000000074ae00000|  0%| F|  |TAMS 0x000000074ac00000| PB 0x000000074ac00000| Untracked |  0
|  77|0x000000074ae00000, 0x000000074ae00000, 0x000000074b000000|  0%| F|  |TAMS 0x000000074ae00000| PB 0x000000074ae00000| Untracked |  0
|  78|0x000000074b000000, 0x000000074b000000, 0x000000074b200000|  0%| F|  |TAMS 0x000000074b000000| PB 0x000000074b000000| Untracked |  0
|  79|0x000000074b200000, 0x000000074b200000, 0x000000074b400000|  0%| F|  |TAMS 0x000000074b200000| PB 0x000000074b200000| Untracked |  0
|  80|0x000000074b400000, 0x000000074b400000, 0x000000074b600000|  0%| F|  |TAMS 0x000000074b400000| PB 0x000000074b400000| Untracked |  0
|  81|0x000000074b600000, 0x000000074b600000, 0x000000074b800000|  0%| F|  |TAMS 0x000000074b600000| PB 0x000000074b600000| Untracked |  0
|  82|0x000000074b800000, 0x000000074b800000, 0x000000074ba00000|  0%| F|  |TAMS 0x000000074b800000| PB 0x000000074b800000| Untracked |  0
|  83|0x000000074ba00000, 0x000000074ba00000, 0x000000074bc00000|  0%| F|  |TAMS 0x000000074ba00000| PB 0x000000074ba00000| Untracked |  0
|  84|0x000000074bc00000, 0x000000074bc00000, 0x000000074be00000|  0%| F|  |TAMS 0x000000074bc00000| PB 0x000000074bc00000| Untracked |  0
|  85|0x000000074be00000, 0x000000074be00000, 0x000000074c000000|  0%| F|  |TAMS 0x000000074be00000| PB 0x000000074be00000| Untracked |  0
|  86|0x000000074c000000, 0x000000074c000000, 0x000000074c200000|  0%| F|  |TAMS 0x000000074c000000| PB 0x000000074c000000| Untracked |  0
|  87|0x000000074c200000, 0x000000074c200000, 0x000000074c400000|  0%| F|  |TAMS 0x000000074c200000| PB 0x000000074c200000| Untracked |  0
|  88|0x000000074c400000, 0x000000074c400000, 0x000000074c600000|  0%| F|  |TAMS 0x000000074c400000| PB 0x000000074c400000| Untracked |  0
|  89|0x000000074c600000, 0x000000074c600000, 0x000000074c800000|  0%| F|  |TAMS 0x000000074c600000| PB 0x000000074c600000| Untracked |  0
|  90|0x000000074c800000, 0x000000074c800000, 0x000000074ca00000|  0%| F|  |TAMS 0x000000074c800000| PB 0x000000074c800000| Untracked |  0
|  91|0x000000074ca00000, 0x000000074ca00000, 0x000000074cc00000|  0%| F|  |TAMS 0x000000074ca00000| PB 0x000000074ca00000| Untracked |  0
|  92|0x000000074cc00000, 0x000000074cc00000, 0x000000074ce00000|  0%| F|  |TAMS 0x000000074cc00000| PB 0x000000074cc00000| Untracked |  0
|  93|0x000000074ce00000, 0x000000074ce70ed8, 0x000000074d000000| 22%| S|CS|TAMS 0x000000074ce00000| PB 0x000000074ce00000| Complete |  0
|  94|0x000000074d000000, 0x000000074d000000, 0x000000074d200000|  0%| F|  |TAMS 0x000000074d000000| PB 0x000000074d000000| Untracked |  0
|  95|0x000000074d200000, 0x000000074d200000, 0x000000074d400000|  0%| F|  |TAMS 0x000000074d200000| PB 0x000000074d200000| Untracked |  0
|  96|0x000000074d400000, 0x000000074d400000, 0x000000074d600000|  0%| F|  |TAMS 0x000000074d400000| PB 0x000000074d400000| Untracked |  0
|  97|0x000000074d600000, 0x000000074d600000, 0x000000074d800000|  0%| F|  |TAMS 0x000000074d600000| PB 0x000000074d600000| Untracked |  0
|  98|0x000000074d800000, 0x000000074d800000, 0x000000074da00000|  0%| F|  |TAMS 0x000000074d800000| PB 0x000000074d800000| Untracked |  0
|  99|0x000000074da00000, 0x000000074da00000, 0x000000074dc00000|  0%| F|  |TAMS 0x000000074da00000| PB 0x000000074da00000| Untracked |  0
| 100|0x000000074dc00000, 0x000000074dc00000, 0x000000074de00000|  0%| F|  |TAMS 0x000000074dc00000| PB 0x000000074dc00000| Untracked |  0
| 101|0x000000074de00000, 0x000000074de00000, 0x000000074e000000|  0%| F|  |TAMS 0x000000074de00000| PB 0x000000074de00000| Untracked |  0
| 102|0x000000074e000000, 0x000000074e000000, 0x000000074e200000|  0%| F|  |TAMS 0x000000074e000000| PB 0x000000074e000000| Untracked |  0
| 103|0x000000074e200000, 0x000000074e200000, 0x000000074e400000|  0%| F|  |TAMS 0x000000074e200000| PB 0x000000074e200000| Untracked |  0
| 104|0x000000074e400000, 0x000000074e400000, 0x000000074e600000|  0%| F|  |TAMS 0x000000074e400000| PB 0x000000074e400000| Untracked |  0
| 105|0x000000074e600000, 0x000000074e600000, 0x000000074e800000|  0%| F|  |TAMS 0x000000074e600000| PB 0x000000074e600000| Untracked |  0
| 106|0x000000074e800000, 0x000000074e800000, 0x000000074ea00000|  0%| F|  |TAMS 0x000000074e800000| PB 0x000000074e800000| Untracked |  0
| 107|0x000000074ea00000, 0x000000074ea00000, 0x000000074ec00000|  0%| F|  |TAMS 0x000000074ea00000| PB 0x000000074ea00000| Untracked |  0
| 108|0x000000074ec00000, 0x000000074ec00000, 0x000000074ee00000|  0%| F|  |TAMS 0x000000074ec00000| PB 0x000000074ec00000| Untracked |  0
| 109|0x000000074ee00000, 0x000000074ee00000, 0x000000074f000000|  0%| F|  |TAMS 0x000000074ee00000| PB 0x000000074ee00000| Untracked |  0
| 110|0x000000074f000000, 0x000000074f000000, 0x000000074f200000|  0%| F|  |TAMS 0x000000074f000000| PB 0x000000074f000000| Untracked |  0
| 111|0x000000074f200000, 0x000000074f200000, 0x000000074f400000|  0%| F|  |TAMS 0x000000074f200000| PB 0x000000074f200000| Untracked |  0
| 112|0x000000074f400000, 0x000000074f400000, 0x000000074f600000|  0%| F|  |TAMS 0x000000074f400000| PB 0x000000074f400000| Untracked |  0
| 113|0x000000074f600000, 0x000000074f600000, 0x000000074f800000|  0%| F|  |TAMS 0x000000074f600000| PB 0x000000074f600000| Untracked |  0
| 114|0x000000074f800000, 0x000000074f800000, 0x000000074fa00000|  0%| F|  |TAMS 0x000000074f800000| PB 0x000000074f800000| Untracked |  0
| 115|0x000000074fa00000, 0x000000074fa00000, 0x000000074fc00000|  0%| F|  |TAMS 0x000000074fa00000| PB 0x000000074fa00000| Untracked |  0
| 116|0x000000074fc00000, 0x000000074fc00000, 0x000000074fe00000|  0%| F|  |TAMS 0x000000074fc00000| PB 0x000000074fc00000| Untracked |  0
| 117|0x000000074fe00000, 0x000000074fe00000, 0x0000000750000000|  0%| F|  |TAMS 0x000000074fe00000| PB 0x000000074fe00000| Untracked |  0
| 118|0x0000000750000000, 0x0000000750000000, 0x0000000750200000|  0%| F|  |TAMS 0x0000000750000000| PB 0x0000000750000000| Untracked |  0
| 119|0x0000000750200000, 0x0000000750200000, 0x0000000750400000|  0%| F|  |TAMS 0x0000000750200000| PB 0x0000000750200000| Untracked |  0
| 120|0x0000000750400000, 0x0000000750400000, 0x0000000750600000|  0%| F|  |TAMS 0x0000000750400000| PB 0x0000000750400000| Untracked |  0
| 121|0x0000000750600000, 0x0000000750600000, 0x0000000750800000|  0%| F|  |TAMS 0x0000000750600000| PB 0x0000000750600000| Untracked |  0
| 122|0x0000000750800000, 0x0000000750800000, 0x0000000750a00000|  0%| F|  |TAMS 0x0000000750800000| PB 0x0000000750800000| Untracked |  0
| 123|0x0000000750a00000, 0x0000000750a00000, 0x0000000750c00000|  0%| F|  |TAMS 0x0000000750a00000| PB 0x0000000750a00000| Untracked |  0
| 124|0x0000000750c00000, 0x0000000750c00000, 0x0000000750e00000|  0%| F|  |TAMS 0x0000000750c00000| PB 0x0000000750c00000| Untracked |  0
| 125|0x0000000750e00000, 0x0000000750e00000, 0x0000000751000000|  0%| F|  |TAMS 0x0000000750e00000| PB 0x0000000750e00000| Untracked |  0
| 126|0x0000000751000000, 0x0000000751000000, 0x0000000751200000|  0%| F|  |TAMS 0x0000000751000000| PB 0x0000000751000000| Untracked |  0
| 127|0x0000000751200000, 0x0000000751200000, 0x0000000751400000|  0%| F|  |TAMS 0x0000000751200000| PB 0x0000000751200000| Untracked |  0
| 128|0x0000000751400000, 0x0000000751400000, 0x0000000751600000|  0%| F|  |TAMS 0x0000000751400000| PB 0x0000000751400000| Untracked |  0
| 129|0x0000000751600000, 0x0000000751600000, 0x0000000751800000|  0%| F|  |TAMS 0x0000000751600000| PB 0x0000000751600000| Untracked |  0
| 130|0x0000000751800000, 0x0000000751800000, 0x0000000751a00000|  0%| F|  |TAMS 0x0000000751800000| PB 0x0000000751800000| Untracked |  0
| 131|0x0000000751a00000, 0x0000000751a00000, 0x0000000751c00000|  0%| F|  |TAMS 0x0000000751a00000| PB 0x0000000751a00000| Untracked |  0
| 132|0x0000000751c00000, 0x0000000751c00000, 0x0000000751e00000|  0%| F|  |TAMS 0x0000000751c00000| PB 0x0000000751c00000| Untracked |  0
| 133|0x0000000751e00000, 0x0000000751e00000, 0x0000000752000000|  0%| F|  |TAMS 0x0000000751e00000| PB 0x0000000751e00000| Untracked |  0
| 134|0x0000000752000000, 0x0000000752000000, 0x0000000752200000|  0%| F|  |TAMS 0x0000000752000000| PB 0x0000000752000000| Untracked |  0
| 135|0x0000000752200000, 0x0000000752200000, 0x0000000752400000|  0%| F|  |TAMS 0x0000000752200000| PB 0x0000000752200000| Untracked |  0
| 136|0x0000000752400000, 0x0000000752400000, 0x0000000752600000|  0%| F|  |TAMS 0x0000000752400000| PB 0x0000000752400000| Untracked |  0
| 137|0x0000000752600000, 0x0000000752600000, 0x0000000752800000|  0%| F|  |TAMS 0x0000000752600000| PB 0x0000000752600000| Untracked |  0
| 138|0x0000000752800000, 0x0000000752800000, 0x0000000752a00000|  0%| F|  |TAMS 0x0000000752800000| PB 0x0000000752800000| Untracked |  0
| 139|0x0000000752a00000, 0x0000000752a00000, 0x0000000752c00000|  0%| F|  |TAMS 0x0000000752a00000| PB 0x0000000752a00000| Untracked |  0
| 140|0x0000000752c00000, 0x0000000752c00000, 0x0000000752e00000|  0%| F|  |TAMS 0x0000000752c00000| PB 0x0000000752c00000| Untracked |  0
| 141|0x0000000752e00000, 0x0000000752e00000, 0x0000000753000000|  0%| F|  |TAMS 0x0000000752e00000| PB 0x0000000752e00000| Untracked |  0
| 142|0x0000000753000000, 0x0000000753000000, 0x0000000753200000|  0%| F|  |TAMS 0x0000000753000000| PB 0x0000000753000000| Untracked |  0
| 143|0x0000000753200000, 0x0000000753200000, 0x0000000753400000|  0%| F|  |TAMS 0x0000000753200000| PB 0x0000000753200000| Untracked |  0
| 144|0x0000000753400000, 0x0000000753400000, 0x0000000753600000|  0%| F|  |TAMS 0x0000000753400000| PB 0x0000000753400000| Untracked |  0
| 145|0x0000000753600000, 0x0000000753600000, 0x0000000753800000|  0%| F|  |TAMS 0x0000000753600000| PB 0x0000000753600000| Untracked |  0
| 146|0x0000000753800000, 0x0000000753800000, 0x0000000753a00000|  0%| F|  |TAMS 0x0000000753800000| PB 0x0000000753800000| Untracked |  0
| 147|0x0000000753a00000, 0x0000000753a00000, 0x0000000753c00000|  0%| F|  |TAMS 0x0000000753a00000| PB 0x0000000753a00000| Untracked |  0
| 148|0x0000000753c00000, 0x0000000753c00000, 0x0000000753e00000|  0%| F|  |TAMS 0x0000000753c00000| PB 0x0000000753c00000| Untracked |  0
| 149|0x0000000753e00000, 0x0000000753e00000, 0x0000000754000000|  0%| F|  |TAMS 0x0000000753e00000| PB 0x0000000753e00000| Untracked |  0
| 150|0x0000000754000000, 0x0000000754000000, 0x0000000754200000|  0%| F|  |TAMS 0x0000000754000000| PB 0x0000000754000000| Untracked |  0
| 151|0x0000000754200000, 0x0000000754200000, 0x0000000754400000|  0%| F|  |TAMS 0x0000000754200000| PB 0x0000000754200000| Untracked |  0
| 152|0x0000000754400000, 0x0000000754400000, 0x0000000754600000|  0%| F|  |TAMS 0x0000000754400000| PB 0x0000000754400000| Untracked |  0
| 153|0x0000000754600000, 0x0000000754600000, 0x0000000754800000|  0%| F|  |TAMS 0x0000000754600000| PB 0x0000000754600000| Untracked |  0
| 154|0x0000000754800000, 0x0000000754800000, 0x0000000754a00000|  0%| F|  |TAMS 0x0000000754800000| PB 0x0000000754800000| Untracked |  0
| 155|0x0000000754a00000, 0x0000000754a00000, 0x0000000754c00000|  0%| F|  |TAMS 0x0000000754a00000| PB 0x0000000754a00000| Untracked |  0
| 156|0x0000000754c00000, 0x0000000754c00000, 0x0000000754e00000|  0%| F|  |TAMS 0x0000000754c00000| PB 0x0000000754c00000| Untracked |  0
| 157|0x0000000754e00000, 0x0000000754e00000, 0x0000000755000000|  0%| F|  |TAMS 0x0000000754e00000| PB 0x0000000754e00000| Untracked |  0
| 158|0x0000000755000000, 0x0000000755000000, 0x0000000755200000|  0%| F|  |TAMS 0x0000000755000000| PB 0x0000000755000000| Untracked |  0
| 159|0x0000000755200000, 0x0000000755200000, 0x0000000755400000|  0%| F|  |TAMS 0x0000000755200000| PB 0x0000000755200000| Untracked |  0
| 160|0x0000000755400000, 0x0000000755600000, 0x0000000755600000|100%|HS|  |TAMS 0x0000000755400000| PB 0x0000000755400000| Complete |  0
| 161|0x0000000755600000, 0x0000000755800000, 0x0000000755800000|100%|HC|  |TAMS 0x0000000755600000| PB 0x0000000755600000| Complete |  0
| 162|0x0000000755800000, 0x0000000755a00000, 0x0000000755a00000|100%|HC|  |TAMS 0x0000000755800000| PB 0x0000000755800000| Complete |  0
| 163|0x0000000755a00000, 0x0000000755c00000, 0x0000000755c00000|100%|HC|  |TAMS 0x0000000755a00000| PB 0x0000000755a00000| Complete |  0
| 164|0x0000000755c00000, 0x0000000755e00000, 0x0000000755e00000|100%|HC|  |TAMS 0x0000000755c00000| PB 0x0000000755c00000| Complete |  0
| 165|0x0000000755e00000, 0x0000000756000000, 0x0000000756000000|100%|HC|  |TAMS 0x0000000755e00000| PB 0x0000000755e00000| Complete |  0
| 166|0x0000000756000000, 0x0000000756200000, 0x0000000756200000|100%|HC|  |TAMS 0x0000000756000000| PB 0x0000000756000000| Complete |  0
| 167|0x0000000756200000, 0x0000000756400000, 0x0000000756400000|100%|HC|  |TAMS 0x0000000756200000| PB 0x0000000756200000| Complete |  0
| 168|0x0000000756400000, 0x0000000756600000, 0x0000000756600000|100%|HC|  |TAMS 0x0000000756400000| PB 0x0000000756400000| Complete |  0
| 169|0x0000000756600000, 0x0000000756800000, 0x0000000756800000|100%|HC|  |TAMS 0x0000000756600000| PB 0x0000000756600000| Complete |  0
| 170|0x0000000756800000, 0x0000000756a00000, 0x0000000756a00000|100%|HC|  |TAMS 0x0000000756800000| PB 0x0000000756800000| Complete |  0
| 171|0x0000000756a00000, 0x0000000756c00000, 0x0000000756c00000|100%|HC|  |TAMS 0x0000000756a00000| PB 0x0000000756a00000| Complete |  0
| 172|0x0000000756c00000, 0x0000000756e00000, 0x0000000756e00000|100%|HC|  |TAMS 0x0000000756c00000| PB 0x0000000756c00000| Complete |  0
| 173|0x0000000756e00000, 0x0000000757000000, 0x0000000757000000|100%|HC|  |TAMS 0x0000000756e00000| PB 0x0000000756e00000| Complete |  0
| 174|0x0000000757000000, 0x0000000757200000, 0x0000000757200000|100%|HC|  |TAMS 0x0000000757000000| PB 0x0000000757000000| Complete |  0
| 175|0x0000000757200000, 0x0000000757400000, 0x0000000757400000|100%|HC|  |TAMS 0x0000000757200000| PB 0x0000000757200000| Complete |  0
| 176|0x0000000757400000, 0x0000000757600000, 0x0000000757600000|100%|HC|  |TAMS 0x0000000757400000| PB 0x0000000757400000| Complete |  0
| 177|0x0000000757600000, 0x0000000757800000, 0x0000000757800000|100%|HC|  |TAMS 0x0000000757600000| PB 0x0000000757600000| Complete |  0
| 178|0x0000000757800000, 0x0000000757a00000, 0x0000000757a00000|100%|HC|  |TAMS 0x0000000757800000| PB 0x0000000757800000| Complete |  0
| 179|0x0000000757a00000, 0x0000000757c00000, 0x0000000757c00000|100%|HC|  |TAMS 0x0000000757a00000| PB 0x0000000757a00000| Complete |  0
| 180|0x0000000757c00000, 0x0000000757e00000, 0x0000000757e00000|100%|HC|  |TAMS 0x0000000757c00000| PB 0x0000000757c00000| Complete |  0
| 181|0x0000000757e00000, 0x0000000758000000, 0x0000000758000000|100%|HC|  |TAMS 0x0000000757e00000| PB 0x0000000757e00000| Complete |  0
| 182|0x0000000758000000, 0x0000000758200000, 0x0000000758200000|100%|HC|  |TAMS 0x0000000758000000| PB 0x0000000758000000| Complete |  0
| 183|0x0000000758200000, 0x0000000758400000, 0x0000000758400000|100%|HC|  |TAMS 0x0000000758200000| PB 0x0000000758200000| Complete |  0
| 184|0x0000000758400000, 0x0000000758600000, 0x0000000758600000|100%|HC|  |TAMS 0x0000000758400000| PB 0x0000000758400000| Complete |  0
| 185|0x0000000758600000, 0x0000000758800000, 0x0000000758800000|100%|HC|  |TAMS 0x0000000758600000| PB 0x0000000758600000| Complete |  0
| 186|0x0000000758800000, 0x0000000758a00000, 0x0000000758a00000|100%|HC|  |TAMS 0x0000000758800000| PB 0x0000000758800000| Complete |  0
| 187|0x0000000758a00000, 0x0000000758c00000, 0x0000000758c00000|100%|HC|  |TAMS 0x0000000758a00000| PB 0x0000000758a00000| Complete |  0
| 188|0x0000000758c00000, 0x0000000758e00000, 0x0000000758e00000|100%|HC|  |TAMS 0x0000000758c00000| PB 0x0000000758c00000| Complete |  0
| 189|0x0000000758e00000, 0x0000000759000000, 0x0000000759000000|100%|HC|  |TAMS 0x0000000758e00000| PB 0x0000000758e00000| Complete |  0
| 190|0x0000000759000000, 0x0000000759200000, 0x0000000759200000|100%|HC|  |TAMS 0x0000000759000000| PB 0x0000000759000000| Complete |  0
| 191|0x0000000759200000, 0x0000000759400000, 0x0000000759400000|100%|HC|  |TAMS 0x0000000759200000| PB 0x0000000759200000| Complete |  0
| 192|0x0000000759400000, 0x0000000759600000, 0x0000000759600000|100%|HC|  |TAMS 0x0000000759400000| PB 0x0000000759400000| Complete |  0
| 193|0x0000000759600000, 0x0000000759800000, 0x0000000759800000|100%|HC|  |TAMS 0x0000000759600000| PB 0x0000000759600000| Complete |  0
| 194|0x0000000759800000, 0x0000000759a00000, 0x0000000759a00000|100%|HC|  |TAMS 0x0000000759800000| PB 0x0000000759800000| Complete |  0
| 195|0x0000000759a00000, 0x0000000759c00000, 0x0000000759c00000|100%|HC|  |TAMS 0x0000000759a00000| PB 0x0000000759a00000| Complete |  0
| 196|0x0000000759c00000, 0x0000000759e00000, 0x0000000759e00000|100%|HC|  |TAMS 0x0000000759c00000| PB 0x0000000759c00000| Complete |  0
| 197|0x0000000759e00000, 0x000000075a000000, 0x000000075a000000|100%|HC|  |TAMS 0x0000000759e00000| PB 0x0000000759e00000| Complete |  0
| 198|0x000000075a000000, 0x000000075a200000, 0x000000075a200000|100%|HC|  |TAMS 0x000000075a000000| PB 0x000000075a000000| Complete |  0
| 199|0x000000075a200000, 0x000000075a400000, 0x000000075a400000|100%|HC|  |TAMS 0x000000075a200000| PB 0x000000075a200000| Complete |  0
| 200|0x000000075a400000, 0x000000075a600000, 0x000000075a600000|100%|HC|  |TAMS 0x000000075a400000| PB 0x000000075a400000| Complete |  0
| 201|0x000000075a600000, 0x000000075a800000, 0x000000075a800000|100%|HC|  |TAMS 0x000000075a600000| PB 0x000000075a600000| Complete |  0
| 202|0x000000075a800000, 0x000000075aa00000, 0x000000075aa00000|100%|HC|  |TAMS 0x000000075a800000| PB 0x000000075a800000| Complete |  0
| 203|0x000000075aa00000, 0x000000075ac00000, 0x000000075ac00000|100%|HC|  |TAMS 0x000000075aa00000| PB 0x000000075aa00000| Complete |  0
| 204|0x000000075ac00000, 0x000000075ae00000, 0x000000075ae00000|100%|HC|  |TAMS 0x000000075ac00000| PB 0x000000075ac00000| Complete |  0
| 205|0x000000075ae00000, 0x000000075b000000, 0x000000075b000000|100%|HC|  |TAMS 0x000000075ae00000| PB 0x000000075ae00000| Complete |  0
| 206|0x000000075b000000, 0x000000075b200000, 0x000000075b200000|100%|HC|  |TAMS 0x000000075b000000| PB 0x000000075b000000| Complete |  0
| 207|0x000000075b200000, 0x000000075b400000, 0x000000075b400000|100%|HC|  |TAMS 0x000000075b200000| PB 0x000000075b200000| Complete |  0
| 208|0x000000075b400000, 0x000000075b600000, 0x000000075b600000|100%|HC|  |TAMS 0x000000075b400000| PB 0x000000075b400000| Complete |  0
| 209|0x000000075b600000, 0x000000075b800000, 0x000000075b800000|100%|HC|  |TAMS 0x000000075b600000| PB 0x000000075b600000| Complete |  0
| 210|0x000000075b800000, 0x000000075ba00000, 0x000000075ba00000|100%|HC|  |TAMS 0x000000075b800000| PB 0x000000075b800000| Complete |  0
| 211|0x000000075ba00000, 0x000000075bc00000, 0x000000075bc00000|100%|HC|  |TAMS 0x000000075ba00000| PB 0x000000075ba00000| Complete |  0
| 212|0x000000075bc00000, 0x000000075be00000, 0x000000075be00000|100%|HC|  |TAMS 0x000000075bc00000| PB 0x000000075bc00000| Complete |  0
| 213|0x000000075be00000, 0x000000075c000000, 0x000000075c000000|100%|HC|  |TAMS 0x000000075be00000| PB 0x000000075be00000| Complete |  0
| 214|0x000000075c000000, 0x000000075c200000, 0x000000075c200000|100%|HC|  |TAMS 0x000000075c000000| PB 0x000000075c000000| Complete |  0
| 215|0x000000075c200000, 0x000000075c400000, 0x000000075c400000|100%|HC|  |TAMS 0x000000075c200000| PB 0x000000075c200000| Complete |  0
| 216|0x000000075c400000, 0x000000075c600000, 0x000000075c600000|100%|HC|  |TAMS 0x000000075c400000| PB 0x000000075c400000| Complete |  0
| 217|0x000000075c600000, 0x000000075c800000, 0x000000075c800000|100%|HC|  |TAMS 0x000000075c600000| PB 0x000000075c600000| Complete |  0
| 218|0x000000075c800000, 0x000000075ca00000, 0x000000075ca00000|100%|HC|  |TAMS 0x000000075c800000| PB 0x000000075c800000| Complete |  0
| 219|0x000000075ca00000, 0x000000075cc00000, 0x000000075cc00000|100%|HC|  |TAMS 0x000000075ca00000| PB 0x000000075ca00000| Complete |  0
| 220|0x000000075cc00000, 0x000000075ce00000, 0x000000075ce00000|100%|HC|  |TAMS 0x000000075cc00000| PB 0x000000075cc00000| Complete |  0
| 221|0x000000075ce00000, 0x000000075d000000, 0x000000075d000000|100%|HC|  |TAMS 0x000000075ce00000| PB 0x000000075ce00000| Complete |  0
| 222|0x000000075d000000, 0x000000075d200000, 0x000000075d200000|100%|HC|  |TAMS 0x000000075d000000| PB 0x000000075d000000| Complete |  0
| 223|0x000000075d200000, 0x000000075d400000, 0x000000075d400000|100%|HC|  |TAMS 0x000000075d200000| PB 0x000000075d200000| Complete |  0
| 224|0x000000075d400000, 0x000000075d600000, 0x000000075d600000|100%|HC|  |TAMS 0x000000075d400000| PB 0x000000075d400000| Complete |  0
| 225|0x000000075d600000, 0x000000075d800000, 0x000000075d800000|100%|HC|  |TAMS 0x000000075d600000| PB 0x000000075d600000| Complete |  0
| 226|0x000000075d800000, 0x000000075da00000, 0x000000075da00000|100%|HC|  |TAMS 0x000000075d800000| PB 0x000000075d800000| Complete |  0
| 227|0x000000075da00000, 0x000000075dc00000, 0x000000075dc00000|100%|HC|  |TAMS 0x000000075da00000| PB 0x000000075da00000| Complete |  0
| 228|0x000000075dc00000, 0x000000075de00000, 0x000000075de00000|100%|HC|  |TAMS 0x000000075dc00000| PB 0x000000075dc00000| Complete |  0
| 229|0x000000075de00000, 0x000000075e000000, 0x000000075e000000|100%|HC|  |TAMS 0x000000075de00000| PB 0x000000075de00000| Complete |  0
| 230|0x000000075e000000, 0x000000075e200000, 0x000000075e200000|100%|HC|  |TAMS 0x000000075e000000| PB 0x000000075e000000| Complete |  0
| 231|0x000000075e200000, 0x000000075e400000, 0x000000075e400000|100%|HC|  |TAMS 0x000000075e200000| PB 0x000000075e200000| Complete |  0
| 232|0x000000075e400000, 0x000000075e600000, 0x000000075e600000|100%|HC|  |TAMS 0x000000075e400000| PB 0x000000075e400000| Complete |  0
| 233|0x000000075e600000, 0x000000075e800000, 0x000000075e800000|100%|HC|  |TAMS 0x000000075e600000| PB 0x000000075e600000| Complete |  0
| 234|0x000000075e800000, 0x000000075ea00000, 0x000000075ea00000|100%|HC|  |TAMS 0x000000075e800000| PB 0x000000075e800000| Complete |  0
| 235|0x000000075ea00000, 0x000000075ec00000, 0x000000075ec00000|100%|HC|  |TAMS 0x000000075ea00000| PB 0x000000075ea00000| Complete |  0
| 236|0x000000075ec00000, 0x000000075ee00000, 0x000000075ee00000|100%|HC|  |TAMS 0x000000075ec00000| PB 0x000000075ec00000| Complete |  0
| 237|0x000000075ee00000, 0x000000075f000000, 0x000000075f000000|100%|HC|  |TAMS 0x000000075ee00000| PB 0x000000075ee00000| Complete |  0
| 238|0x000000075f000000, 0x000000075f200000, 0x000000075f200000|100%|HC|  |TAMS 0x000000075f000000| PB 0x000000075f000000| Complete |  0
| 239|0x000000075f200000, 0x000000075f400000, 0x000000075f400000|100%|HC|  |TAMS 0x000000075f200000| PB 0x000000075f200000| Complete |  0
| 240|0x000000075f400000, 0x000000075f600000, 0x000000075f600000|100%|HC|  |TAMS 0x000000075f400000| PB 0x000000075f400000| Complete |  0
| 241|0x000000075f600000, 0x000000075f800000, 0x000000075f800000|100%|HC|  |TAMS 0x000000075f600000| PB 0x000000075f600000| Complete |  0
| 242|0x000000075f800000, 0x000000075fa00000, 0x000000075fa00000|100%|HC|  |TAMS 0x000000075f800000| PB 0x000000075f800000| Complete |  0
| 243|0x000000075fa00000, 0x000000075fc00000, 0x000000075fc00000|100%|HC|  |TAMS 0x000000075fa00000| PB 0x000000075fa00000| Complete |  0
| 244|0x000000075fc00000, 0x000000075fe00000, 0x000000075fe00000|100%|HC|  |TAMS 0x000000075fc00000| PB 0x000000075fc00000| Complete |  0
| 245|0x000000075fe00000, 0x0000000760000000, 0x0000000760000000|100%|HC|  |TAMS 0x000000075fe00000| PB 0x000000075fe00000| Complete |  0
| 246|0x0000000760000000, 0x0000000760200000, 0x0000000760200000|100%|HC|  |TAMS 0x0000000760000000| PB 0x0000000760000000| Complete |  0
| 247|0x0000000760200000, 0x0000000760400000, 0x0000000760400000|100%|HC|  |TAMS 0x0000000760200000| PB 0x0000000760200000| Complete |  0
| 248|0x0000000760400000, 0x0000000760600000, 0x0000000760600000|100%|HC|  |TAMS 0x0000000760400000| PB 0x0000000760400000| Complete |  0
| 249|0x0000000760600000, 0x0000000760800000, 0x0000000760800000|100%|HC|  |TAMS 0x0000000760600000| PB 0x0000000760600000| Complete |  0
| 250|0x0000000760800000, 0x0000000760a00000, 0x0000000760a00000|100%|HC|  |TAMS 0x0000000760800000| PB 0x0000000760800000| Complete |  0
| 251|0x0000000760a00000, 0x0000000760c00000, 0x0000000760c00000|100%|HC|  |TAMS 0x0000000760a00000| PB 0x0000000760a00000| Complete |  0
| 252|0x0000000760c00000, 0x0000000760e00000, 0x0000000760e00000|100%|HC|  |TAMS 0x0000000760c00000| PB 0x0000000760c00000| Complete |  0
| 253|0x0000000760e00000, 0x0000000761000000, 0x0000000761000000|100%|HC|  |TAMS 0x0000000760e00000| PB 0x0000000760e00000| Complete |  0
| 254|0x0000000761000000, 0x0000000761200000, 0x0000000761200000|100%|HC|  |TAMS 0x0000000761000000| PB 0x0000000761000000| Complete |  0
| 255|0x0000000761200000, 0x0000000761400000, 0x0000000761400000|100%|HC|  |TAMS 0x0000000761200000| PB 0x0000000761200000| Complete |  0
| 256|0x0000000761400000, 0x0000000761600000, 0x0000000761600000|100%|HC|  |TAMS 0x0000000761400000| PB 0x0000000761400000| Complete |  0
| 257|0x0000000761600000, 0x0000000761800000, 0x0000000761800000|100%|HC|  |TAMS 0x0000000761600000| PB 0x0000000761600000| Complete |  0
| 258|0x0000000761800000, 0x0000000761a00000, 0x0000000761a00000|100%|HC|  |TAMS 0x0000000761800000| PB 0x0000000761800000| Complete |  0
| 259|0x0000000761a00000, 0x0000000761c00000, 0x0000000761c00000|100%|HC|  |TAMS 0x0000000761a00000| PB 0x0000000761a00000| Complete |  0
| 260|0x0000000761c00000, 0x0000000761e00000, 0x0000000761e00000|100%|HC|  |TAMS 0x0000000761c00000| PB 0x0000000761c00000| Complete |  0
| 261|0x0000000761e00000, 0x0000000762000000, 0x0000000762000000|100%|HC|  |TAMS 0x0000000761e00000| PB 0x0000000761e00000| Complete |  0
| 262|0x0000000762000000, 0x0000000762200000, 0x0000000762200000|100%|HC|  |TAMS 0x0000000762000000| PB 0x0000000762000000| Complete |  0
| 263|0x0000000762200000, 0x0000000762400000, 0x0000000762400000|100%|HC|  |TAMS 0x0000000762200000| PB 0x0000000762200000| Complete |  0
| 264|0x0000000762400000, 0x0000000762600000, 0x0000000762600000|100%|HC|  |TAMS 0x0000000762400000| PB 0x0000000762400000| Complete |  0
| 265|0x0000000762600000, 0x0000000762800000, 0x0000000762800000|100%|HC|  |TAMS 0x0000000762600000| PB 0x0000000762600000| Complete |  0
| 266|0x0000000762800000, 0x0000000762a00000, 0x0000000762a00000|100%|HC|  |TAMS 0x0000000762800000| PB 0x0000000762800000| Complete |  0
| 267|0x0000000762a00000, 0x0000000762c00000, 0x0000000762c00000|100%|HC|  |TAMS 0x0000000762a00000| PB 0x0000000762a00000| Complete |  0
| 268|0x0000000762c00000, 0x0000000762e00000, 0x0000000762e00000|100%|HC|  |TAMS 0x0000000762c00000| PB 0x0000000762c00000| Complete |  0
| 269|0x0000000762e00000, 0x0000000763000000, 0x0000000763000000|100%|HC|  |TAMS 0x0000000762e00000| PB 0x0000000762e00000| Complete |  0
| 270|0x0000000763000000, 0x0000000763200000, 0x0000000763200000|100%|HC|  |TAMS 0x0000000763000000| PB 0x0000000763000000| Complete |  0
| 271|0x0000000763200000, 0x0000000763400000, 0x0000000763400000|100%|HC|  |TAMS 0x0000000763200000| PB 0x0000000763200000| Complete |  0
| 272|0x0000000763400000, 0x0000000763600000, 0x0000000763600000|100%|HC|  |TAMS 0x0000000763400000| PB 0x0000000763400000| Complete |  0
| 273|0x0000000763600000, 0x0000000763800000, 0x0000000763800000|100%|HC|  |TAMS 0x0000000763600000| PB 0x0000000763600000| Complete |  0
| 274|0x0000000763800000, 0x0000000763a00000, 0x0000000763a00000|100%|HC|  |TAMS 0x0000000763800000| PB 0x0000000763800000| Complete |  0
| 275|0x0000000763a00000, 0x0000000763c00000, 0x0000000763c00000|100%|HC|  |TAMS 0x0000000763a00000| PB 0x0000000763a00000| Complete |  0
| 276|0x0000000763c00000, 0x0000000763e00000, 0x0000000763e00000|100%|HC|  |TAMS 0x0000000763c00000| PB 0x0000000763c00000| Complete |  0
| 277|0x0000000763e00000, 0x0000000764000000, 0x0000000764000000|100%|HC|  |TAMS 0x0000000763e00000| PB 0x0000000763e00000| Complete |  0
| 278|0x0000000764000000, 0x0000000764200000, 0x0000000764200000|100%|HC|  |TAMS 0x0000000764000000| PB 0x0000000764000000| Complete |  0
| 279|0x0000000764200000, 0x0000000764400000, 0x0000000764400000|100%|HC|  |TAMS 0x0000000764200000| PB 0x0000000764200000| Complete |  0
| 280|0x0000000764400000, 0x0000000764600000, 0x0000000764600000|100%|HC|  |TAMS 0x0000000764400000| PB 0x0000000764400000| Complete |  0
| 281|0x0000000764600000, 0x0000000764800000, 0x0000000764800000|100%|HC|  |TAMS 0x0000000764600000| PB 0x0000000764600000| Complete |  0
| 282|0x0000000764800000, 0x0000000764a00000, 0x0000000764a00000|100%|HC|  |TAMS 0x0000000764800000| PB 0x0000000764800000| Complete |  0
| 283|0x0000000764a00000, 0x0000000764c00000, 0x0000000764c00000|100%|HC|  |TAMS 0x0000000764a00000| PB 0x0000000764a00000| Complete |  0
| 284|0x0000000764c00000, 0x0000000764e00000, 0x0000000764e00000|100%|HC|  |TAMS 0x0000000764c00000| PB 0x0000000764c00000| Complete |  0
| 285|0x0000000764e00000, 0x0000000765000000, 0x0000000765000000|100%|HC|  |TAMS 0x0000000764e00000| PB 0x0000000764e00000| Complete |  0
| 286|0x0000000765000000, 0x0000000765200000, 0x0000000765200000|100%|HC|  |TAMS 0x0000000765000000| PB 0x0000000765000000| Complete |  0
| 287|0x0000000765200000, 0x0000000765400000, 0x0000000765400000|100%|HC|  |TAMS 0x0000000765200000| PB 0x0000000765200000| Complete |  0
| 288|0x0000000765400000, 0x0000000765600000, 0x0000000765600000|100%|HC|  |TAMS 0x0000000765400000| PB 0x0000000765400000| Complete |  0
| 289|0x0000000765600000, 0x0000000765600000, 0x0000000765800000|  0%| F|  |TAMS 0x0000000765600000| PB 0x0000000765600000| Untracked |  0
| 290|0x0000000765800000, 0x0000000765800000, 0x0000000765a00000|  0%| F|  |TAMS 0x0000000765800000| PB 0x0000000765800000| Untracked |  0
| 291|0x0000000765a00000, 0x0000000765a00000, 0x0000000765c00000|  0%| F|  |TAMS 0x0000000765a00000| PB 0x0000000765a00000| Untracked |  0
| 292|0x0000000765c00000, 0x0000000765c00000, 0x0000000765e00000|  0%| F|  |TAMS 0x0000000765c00000| PB 0x0000000765c00000| Untracked |  0
| 293|0x0000000765e00000, 0x0000000765e00000, 0x0000000766000000|  0%| F|  |TAMS 0x0000000765e00000| PB 0x0000000765e00000| Untracked |  0
| 294|0x0000000766000000, 0x0000000766000000, 0x0000000766200000|  0%| F|  |TAMS 0x0000000766000000| PB 0x0000000766000000| Untracked |  0
| 295|0x0000000766200000, 0x0000000766200000, 0x0000000766400000|  0%| F|  |TAMS 0x0000000766200000| PB 0x0000000766200000| Untracked |  0
| 296|0x0000000766400000, 0x0000000766400000, 0x0000000766600000|  0%| F|  |TAMS 0x0000000766400000| PB 0x0000000766400000| Untracked |  0
| 297|0x0000000766600000, 0x0000000766600000, 0x0000000766800000|  0%| F|  |TAMS 0x0000000766600000| PB 0x0000000766600000| Untracked |  0
| 298|0x0000000766800000, 0x0000000766800000, 0x0000000766a00000|  0%| F|  |TAMS 0x0000000766800000| PB 0x0000000766800000| Untracked |  0
| 299|0x0000000766a00000, 0x0000000766a00000, 0x0000000766c00000|  0%| F|  |TAMS 0x0000000766a00000| PB 0x0000000766a00000| Untracked |  0
| 300|0x0000000766c00000, 0x0000000766c00000, 0x0000000766e00000|  0%| F|  |TAMS 0x0000000766c00000| PB 0x0000000766c00000| Untracked |  0
| 301|0x0000000766e00000, 0x0000000766e00000, 0x0000000767000000|  0%| F|  |TAMS 0x0000000766e00000| PB 0x0000000766e00000| Untracked |  0
| 302|0x0000000767000000, 0x0000000767000000, 0x0000000767200000|  0%| F|  |TAMS 0x0000000767000000| PB 0x0000000767000000| Untracked |  0
| 303|0x0000000767200000, 0x0000000767200000, 0x0000000767400000|  0%| F|  |TAMS 0x0000000767200000| PB 0x0000000767200000| Untracked |  0
| 304|0x0000000767400000, 0x0000000767400000, 0x0000000767600000|  0%| F|  |TAMS 0x0000000767400000| PB 0x0000000767400000| Untracked |  0
| 305|0x0000000767600000, 0x0000000767600000, 0x0000000767800000|  0%| F|  |TAMS 0x0000000767600000| PB 0x0000000767600000| Untracked |  0
| 306|0x0000000767800000, 0x0000000767800000, 0x0000000767a00000|  0%| F|  |TAMS 0x0000000767800000| PB 0x0000000767800000| Untracked |  0
| 307|0x0000000767a00000, 0x0000000767a00000, 0x0000000767c00000|  0%| F|  |TAMS 0x0000000767a00000| PB 0x0000000767a00000| Untracked |  0
| 308|0x0000000767c00000, 0x0000000767c00000, 0x0000000767e00000|  0%| F|  |TAMS 0x0000000767c00000| PB 0x0000000767c00000| Untracked |  0
| 309|0x0000000767e00000, 0x0000000767e00000, 0x0000000768000000|  0%| F|  |TAMS 0x0000000767e00000| PB 0x0000000767e00000| Untracked |  0
| 310|0x0000000768000000, 0x0000000768000000, 0x0000000768200000|  0%| F|  |TAMS 0x0000000768000000| PB 0x0000000768000000| Untracked |  0
| 311|0x0000000768200000, 0x0000000768200000, 0x0000000768400000|  0%| F|  |TAMS 0x0000000768200000| PB 0x0000000768200000| Untracked |  0
| 312|0x0000000768400000, 0x0000000768400000, 0x0000000768600000|  0%| F|  |TAMS 0x0000000768400000| PB 0x0000000768400000| Untracked |  0
| 313|0x0000000768600000, 0x0000000768600000, 0x0000000768800000|  0%| F|  |TAMS 0x0000000768600000| PB 0x0000000768600000| Untracked |  0
| 314|0x0000000768800000, 0x0000000768800000, 0x0000000768a00000|  0%| F|  |TAMS 0x0000000768800000| PB 0x0000000768800000| Untracked |  0
| 315|0x0000000768a00000, 0x0000000768a00000, 0x0000000768c00000|  0%| F|  |TAMS 0x0000000768a00000| PB 0x0000000768a00000| Untracked |  0
| 316|0x0000000768c00000, 0x0000000768c00000, 0x0000000768e00000|  0%| F|  |TAMS 0x0000000768c00000| PB 0x0000000768c00000| Untracked |  0
| 317|0x0000000768e00000, 0x0000000768e00000, 0x0000000769000000|  0%| F|  |TAMS 0x0000000768e00000| PB 0x0000000768e00000| Untracked |  0
| 318|0x0000000769000000, 0x0000000769000000, 0x0000000769200000|  0%| F|  |TAMS 0x0000000769000000| PB 0x0000000769000000| Untracked |  0
| 319|0x0000000769200000, 0x0000000769200000, 0x0000000769400000|  0%| F|  |TAMS 0x0000000769200000| PB 0x0000000769200000| Untracked |  0
| 320|0x0000000769400000, 0x0000000769400000, 0x0000000769600000|  0%| F|  |TAMS 0x0000000769400000| PB 0x0000000769400000| Untracked |  0
| 321|0x0000000769600000, 0x0000000769600000, 0x0000000769800000|  0%| F|  |TAMS 0x0000000769600000| PB 0x0000000769600000| Untracked |  0
| 322|0x0000000769800000, 0x0000000769800000, 0x0000000769a00000|  0%| F|  |TAMS 0x0000000769800000| PB 0x0000000769800000| Untracked |  0
| 323|0x0000000769a00000, 0x0000000769a00000, 0x0000000769c00000|  0%| F|  |TAMS 0x0000000769a00000| PB 0x0000000769a00000| Untracked |  0
| 324|0x0000000769c00000, 0x0000000769c00000, 0x0000000769e00000|  0%| F|  |TAMS 0x0000000769c00000| PB 0x0000000769c00000| Untracked |  0
| 325|0x0000000769e00000, 0x0000000769e00000, 0x000000076a000000|  0%| F|  |TAMS 0x0000000769e00000| PB 0x0000000769e00000| Untracked |  0
| 326|0x000000076a000000, 0x000000076a000000, 0x000000076a200000|  0%| F|  |TAMS 0x000000076a000000| PB 0x000000076a000000| Untracked |  0
| 327|0x000000076a200000, 0x000000076a200000, 0x000000076a400000|  0%| F|  |TAMS 0x000000076a200000| PB 0x000000076a200000| Untracked |  0
| 328|0x000000076a400000, 0x000000076a400000, 0x000000076a600000|  0%| F|  |TAMS 0x000000076a400000| PB 0x000000076a400000| Untracked |  0
| 329|0x000000076a600000, 0x000000076a600000, 0x000000076a800000|  0%| F|  |TAMS 0x000000076a600000| PB 0x000000076a600000| Untracked |  0
| 330|0x000000076a800000, 0x000000076a800000, 0x000000076aa00000|  0%| F|  |TAMS 0x000000076a800000| PB 0x000000076a800000| Untracked |  0
| 331|0x000000076aa00000, 0x000000076aa00000, 0x000000076ac00000|  0%| F|  |TAMS 0x000000076aa00000| PB 0x000000076aa00000| Untracked |  0
| 332|0x000000076ac00000, 0x000000076ac00000, 0x000000076ae00000|  0%| F|  |TAMS 0x000000076ac00000| PB 0x000000076ac00000| Untracked |  0
| 333|0x000000076ae00000, 0x000000076ae00000, 0x000000076b000000|  0%| F|  |TAMS 0x000000076ae00000| PB 0x000000076ae00000| Untracked |  0
| 334|0x000000076b000000, 0x000000076b000000, 0x000000076b200000|  0%| F|  |TAMS 0x000000076b000000| PB 0x000000076b000000| Untracked |  0
| 335|0x000000076b200000, 0x000000076b200000, 0x000000076b400000|  0%| F|  |TAMS 0x000000076b200000| PB 0x000000076b200000| Untracked |  0
| 336|0x000000076b400000, 0x000000076b400000, 0x000000076b600000|  0%| F|  |TAMS 0x000000076b400000| PB 0x000000076b400000| Untracked |  0
| 337|0x000000076b600000, 0x000000076b600000, 0x000000076b800000|  0%| F|  |TAMS 0x000000076b600000| PB 0x000000076b600000| Untracked |  0
| 338|0x000000076b800000, 0x000000076b800000, 0x000000076ba00000|  0%| F|  |TAMS 0x000000076b800000| PB 0x000000076b800000| Untracked |  0
| 339|0x000000076ba00000, 0x000000076ba00000, 0x000000076bc00000|  0%| F|  |TAMS 0x000000076ba00000| PB 0x000000076ba00000| Untracked |  0
| 340|0x000000076bc00000, 0x000000076bc00000, 0x000000076be00000|  0%| F|  |TAMS 0x000000076bc00000| PB 0x000000076bc00000| Untracked |  0
| 341|0x000000076be00000, 0x000000076be00000, 0x000000076c000000|  0%| F|  |TAMS 0x000000076be00000| PB 0x000000076be00000| Untracked |  0
| 342|0x000000076c000000, 0x000000076c000000, 0x000000076c200000|  0%| F|  |TAMS 0x000000076c000000| PB 0x000000076c000000| Untracked |  0
| 343|0x000000076c200000, 0x000000076c200000, 0x000000076c400000|  0%| F|  |TAMS 0x000000076c200000| PB 0x000000076c200000| Untracked |  0
| 344|0x000000076c400000, 0x000000076c400000, 0x000000076c600000|  0%| F|  |TAMS 0x000000076c400000| PB 0x000000076c400000| Untracked |  0
| 345|0x000000076c600000, 0x000000076c600000, 0x000000076c800000|  0%| F|  |TAMS 0x000000076c600000| PB 0x000000076c600000| Untracked |  0
| 346|0x000000076c800000, 0x000000076c800000, 0x000000076ca00000|  0%| F|  |TAMS 0x000000076c800000| PB 0x000000076c800000| Untracked |  0
| 347|0x000000076ca00000, 0x000000076ca00000, 0x000000076cc00000|  0%| F|  |TAMS 0x000000076ca00000| PB 0x000000076ca00000| Untracked |  0
| 348|0x000000076cc00000, 0x000000076cc00000, 0x000000076ce00000|  0%| F|  |TAMS 0x000000076cc00000| PB 0x000000076cc00000| Untracked |  0
| 349|0x000000076ce00000, 0x000000076ce00000, 0x000000076d000000|  0%| F|  |TAMS 0x000000076ce00000| PB 0x000000076ce00000| Untracked |  0
| 350|0x000000076d000000, 0x000000076d000000, 0x000000076d200000|  0%| F|  |TAMS 0x000000076d000000| PB 0x000000076d000000| Untracked |  0
| 351|0x000000076d200000, 0x000000076d200000, 0x000000076d400000|  0%| F|  |TAMS 0x000000076d200000| PB 0x000000076d200000| Untracked |  0
| 352|0x000000076d400000, 0x000000076d400000, 0x000000076d600000|  0%| F|  |TAMS 0x000000076d400000| PB 0x000000076d400000| Untracked |  0
| 353|0x000000076d600000, 0x000000076d600000, 0x000000076d800000|  0%| F|  |TAMS 0x000000076d600000| PB 0x000000076d600000| Untracked |  0
| 354|0x000000076d800000, 0x000000076d800000, 0x000000076da00000|  0%| F|  |TAMS 0x000000076d800000| PB 0x000000076d800000| Untracked |  0
| 355|0x000000076da00000, 0x000000076da00000, 0x000000076dc00000|  0%| F|  |TAMS 0x000000076da00000| PB 0x000000076da00000| Untracked |  0
| 356|0x000000076dc00000, 0x000000076dc00000, 0x000000076de00000|  0%| F|  |TAMS 0x000000076dc00000| PB 0x000000076dc00000| Untracked |  0
| 357|0x000000076de00000, 0x000000076de00000, 0x000000076e000000|  0%| F|  |TAMS 0x000000076de00000| PB 0x000000076de00000| Untracked |  0
| 358|0x000000076e000000, 0x000000076e000000, 0x000000076e200000|  0%| F|  |TAMS 0x000000076e000000| PB 0x000000076e000000| Untracked |  0
| 359|0x000000076e200000, 0x000000076e200000, 0x000000076e400000|  0%| F|  |TAMS 0x000000076e200000| PB 0x000000076e200000| Untracked |  0
| 360|0x000000076e400000, 0x000000076e400000, 0x000000076e600000|  0%| F|  |TAMS 0x000000076e400000| PB 0x000000076e400000| Untracked |  0
| 361|0x000000076e600000, 0x000000076e600000, 0x000000076e800000|  0%| F|  |TAMS 0x000000076e600000| PB 0x000000076e600000| Untracked |  0
| 362|0x000000076e800000, 0x000000076e800000, 0x000000076ea00000|  0%| F|  |TAMS 0x000000076e800000| PB 0x000000076e800000| Untracked |  0
| 363|0x000000076ea00000, 0x000000076ea00000, 0x000000076ec00000|  0%| F|  |TAMS 0x000000076ea00000| PB 0x000000076ea00000| Untracked |  0
| 364|0x000000076ec00000, 0x000000076ec00000, 0x000000076ee00000|  0%| F|  |TAMS 0x000000076ec00000| PB 0x000000076ec00000| Untracked |  0
| 365|0x000000076ee00000, 0x000000076ee00000, 0x000000076f000000|  0%| F|  |TAMS 0x000000076ee00000| PB 0x000000076ee00000| Untracked |  0
| 366|0x000000076f000000, 0x000000076f000000, 0x000000076f200000|  0%| F|  |TAMS 0x000000076f000000| PB 0x000000076f000000| Untracked |  0
| 367|0x000000076f200000, 0x000000076f200000, 0x000000076f400000|  0%| F|  |TAMS 0x000000076f200000| PB 0x000000076f200000| Untracked |  0
| 368|0x000000076f400000, 0x000000076f400000, 0x000000076f600000|  0%| F|  |TAMS 0x000000076f400000| PB 0x000000076f400000| Untracked |  0
| 369|0x000000076f600000, 0x000000076f600000, 0x000000076f800000|  0%| F|  |TAMS 0x000000076f600000| PB 0x000000076f600000| Untracked |  0
| 370|0x000000076f800000, 0x000000076f800000, 0x000000076fa00000|  0%| F|  |TAMS 0x000000076f800000| PB 0x000000076f800000| Untracked |  0

Card table byte_map: [0x000002ae3d410000,0x000002ae3da10000] _byte_map_base: 0x000002ae39a06000

Marking Bits: (CMBitMap*) 0x000002ae254d74c0
 Bits: [0x000002ae3da10000, 0x000002ae409c0000)

Polling page: 0x000002ae23450000

Metaspace:

Usage:
  Non-class:      3.66 MB used.
      Class:    321.56 KB used.
       Both:      3.98 MB used.

Virtual space:
  Non-class space:       64.00 MB reserved,       3.75 MB (  6%) committed,  1 nodes.
      Class space:        1.00 GB reserved,     448.00 KB ( <1%) committed,  1 nodes.
             Both:        1.06 GB reserved,       4.19 MB ( <1%) committed. 

Chunk freelists:
   Non-Class:  9.95 MB
       Class:  15.56 MB
        Both:  25.51 MB

MaxMetaspaceSize: unlimited
CompressedClassSpaceSize: 1.00 GB
Initial GC threshold: 21.00 MB
Current GC threshold: 21.00 MB
CDS: on
 - commit_granule_bytes: 65536.
 - commit_granule_words: 8192.
 - virtual_space_node_default_size: 8388608.
 - enlarge_chunks_in_place: 1.
 - use_allocation_guard: 0.


Internal statistics:

num_allocs_failed_limit: 0.
num_arena_births: 54.
num_arena_deaths: 0.
num_vsnodes_births: 2.
num_vsnodes_deaths: 0.
num_space_committed: 67.
num_space_uncommitted: 0.
num_chunks_returned_to_freelist: 0.
num_chunks_taken_from_freelist: 147.
num_chunk_merges: 0.
num_chunk_splits: 112.
num_chunks_enlarged: 87.
num_inconsistent_stats: 0.

CodeHeap 'non-profiled nmethods': size=120064Kb used=280Kb max_used=280Kb free=119783Kb
 bounds [0x000002ae358d0000, 0x000002ae35b40000, 0x000002ae3ce10000]
CodeHeap 'profiled nmethods': size=120000Kb used=1043Kb max_used=1043Kb free=118956Kb
 bounds [0x000002ae2de10000, 0x000002ae2e080000, 0x000002ae35340000]
CodeHeap 'non-nmethods': size=5696Kb used=1363Kb max_used=1385Kb free=4332Kb
 bounds [0x000002ae35340000, 0x000002ae355b0000, 0x000002ae358d0000]
CodeCache: size=245760Kb, used=2686Kb, max_used=2708Kb, free=243071Kb
 total_blobs=1321, nmethods=847, adapters=380, full_count=0
Compilation: enabled, stopped_count=0, restarted_count=0

Compilation events (20 events):
Event: 1.391 Thread 0x000002ae42f6c740  838       4       java.nio.CharBuffer::limit (6 bytes)
Event: 1.393 Thread 0x000002ae42f6c740 nmethod 838 0x000002ae35911b08 code [0x000002ae35911c20, 0x000002ae35911d38]
Event: 1.428 Thread 0x000002ae42f73750  839       3       sun.nio.cs.UTF_8$Decoder::decodeArrayLoop (688 bytes)
Event: 1.433 Thread 0x000002ae42f73750 nmethod 839 0x000002ae2df0f708 code [0x000002ae2df0ff20, 0x000002ae2df14e48]
Event: 1.516 Thread 0x000002ae42f6c740  840       4       java.nio.ByteBuffer::position (6 bytes)
Event: 1.517 Thread 0x000002ae42f6c740 nmethod 840 0x000002ae35911e08 code [0x000002ae35911f20, 0x000002ae35912030]
Event: 1.543 Thread 0x000002ae42f6c740  841       4       sun.nio.cs.UTF_8$Decoder::decodeArrayLoop (688 bytes)
Event: 1.563 Thread 0x000002ae42f6c740 nmethod 841 0x000002ae35912108 code [0x000002ae35912320, 0x000002ae359132c8]
Event: 1.576 Thread 0x000002ae42f6c740  842       4       java.nio.Buffer::<init> (105 bytes)
Event: 1.581 Thread 0x000002ae42f6c740 nmethod 842 0x000002ae35913408 code [0x000002ae35913540, 0x000002ae35913900]
Event: 1.581 Thread 0x000002ae42f6c740  843       4       java.nio.CharBuffer::<init> (24 bytes)
Event: 1.584 Thread 0x000002ae42f6c740 nmethod 843 0x000002ae35913988 code [0x000002ae35913aa0, 0x000002ae35913ef8]
Event: 1.585 Thread 0x000002ae42f6c740  844       4       java.nio.HeapCharBuffer::<init> (23 bytes)
Event: 1.589 Thread 0x000002ae42f6c740 nmethod 844 0x000002ae35913f88 code [0x000002ae359140a0, 0x000002ae359144e8]
Event: 1.677 Thread 0x000002ae42f6c740  845       4       java.lang.AbstractStringBuilder::append (37 bytes)
Event: 1.709 Thread 0x000002ae42f6c740 nmethod 845 0x000002ae35914588 code [0x000002ae35914720, 0x000002ae359154b0]
Event: 1.710 Thread 0x000002ae42f6c740  846       4       java.io.StringWriter::write (25 bytes)
Event: 1.715 Thread 0x000002ae42f6c740 nmethod 846 0x000002ae35915588 code [0x000002ae359156c0, 0x000002ae35915b28]
Event: 1.759 Thread 0x000002ae42f6c740  847       4       java.util.concurrent.locks.ReentrantLock::lock (8 bytes)
Event: 1.765 Thread 0x000002ae42f6c740 nmethod 847 0x000002ae35915f08 code [0x000002ae35916040, 0x000002ae35916300]

GC Heap History (8 events):
Event: 0.919 GC heap before
{Heap before GC invocations=0 (full 0):
 garbage-first heap   total reserved 3125248K, committed 196608K, used 86016K [0x0000000741400000, 0x0000000800000000)
  region size 2048K, 7 young (14336K), 0 survivors (0K)
 Metaspace       used 3820K, committed 3968K, reserved 1114112K
  class space    used 305K, committed 384K, reserved 1048576K
}
Event: 0.925 GC heap after
{Heap after GC invocations=1 (full 0):
 garbage-first heap   total reserved 3125248K, committed 196608K, used 36382K [0x0000000741400000, 0x0000000800000000)
  region size 2048K, 1 young (2048K), 1 survivors (2048K)
 Metaspace       used 3820K, committed 3968K, reserved 1114112K
  class space    used 305K, committed 384K, reserved 1048576K
}
Event: 1.131 GC heap before
{Heap before GC invocations=1 (full 0):
 garbage-first heap   total reserved 3125248K, committed 196608K, used 103966K [0x0000000741400000, 0x0000000800000000)
  region size 2048K, 2 young (4096K), 1 survivors (2048K)
 Metaspace       used 3821K, committed 3968K, reserved 1114112K
  class space    used 305K, committed 384K, reserved 1048576K
}
Event: 1.133 GC heap after
{Heap after GC invocations=2 (full 0):
 garbage-first heap   total reserved 3125248K, committed 196608K, used 69292K [0x0000000741400000, 0x0000000800000000)
  region size 2048K, 1 young (2048K), 1 survivors (2048K)
 Metaspace       used 3821K, committed 3968K, reserved 1114112K
  class space    used 305K, committed 384K, reserved 1048576K
}
Event: 1.754 GC heap before
{Heap before GC invocations=2 (full 0):
 garbage-first heap   total reserved 3125248K, committed 327680K, used 202412K [0x0000000741400000, 0x0000000800000000)
  region size 2048K, 2 young (4096K), 1 survivors (2048K)
 Metaspace       used 4070K, committed 4288K, reserved 1114112K
  class space    used 321K, committed 448K, reserved 1048576K
}
Event: 1.755 GC heap after
{Heap after GC invocations=3 (full 0):
 garbage-first heap   total reserved 3125248K, committed 327680K, used 135100K [0x0000000741400000, 0x0000000800000000)
  region size 2048K, 1 young (2048K), 1 survivors (2048K)
 Metaspace       used 4070K, committed 4288K, reserved 1114112K
  class space    used 321K, committed 448K, reserved 1048576K
}
Event: 2.743 GC heap before
{Heap before GC invocations=3 (full 0):
 garbage-first heap   total reserved 3125248K, committed 591872K, used 399292K [0x0000000741400000, 0x0000000800000000)
  region size 2048K, 2 young (4096K), 1 survivors (2048K)
 Metaspace       used 4070K, committed 4288K, reserved 1114112K
  class space    used 321K, committed 448K, reserved 1048576K
}
Event: 2.744 GC heap after
{Heap after GC invocations=4 (full 0):
 garbage-first heap   total reserved 3125248K, committed 591872K, used 266154K [0x0000000741400000, 0x0000000800000000)
  region size 2048K, 1 young (2048K), 1 survivors (2048K)
 Metaspace       used 4070K, committed 4288K, reserved 1114112K
  class space    used 321K, committed 448K, reserved 1048576K
}

Dll operation events (10 events):
Event: 0.023 Loaded shared library C:\Users\Qaiaty Store\.gradle\jdks\eclipse_adoptium-23-amd64-windows.2\bin\java.dll
Event: 0.082 Loaded shared library C:\Users\Qaiaty Store\.gradle\jdks\eclipse_adoptium-23-amd64-windows.2\bin\jsvml.dll
Event: 0.176 Loaded shared library C:\Users\Qaiaty Store\.gradle\jdks\eclipse_adoptium-23-amd64-windows.2\bin\zip.dll
Event: 0.184 Loaded shared library C:\Users\Qaiaty Store\.gradle\jdks\eclipse_adoptium-23-amd64-windows.2\bin\instrument.dll
Event: 0.193 Loaded shared library C:\Users\Qaiaty Store\.gradle\jdks\eclipse_adoptium-23-amd64-windows.2\bin\net.dll
Event: 0.197 Loaded shared library C:\Users\Qaiaty Store\.gradle\jdks\eclipse_adoptium-23-amd64-windows.2\bin\nio.dll
Event: 0.206 Loaded shared library C:\Users\Qaiaty Store\.gradle\jdks\eclipse_adoptium-23-amd64-windows.2\bin\zip.dll
Event: 0.251 Loaded shared library C:\Program Files\JetBrains\IntelliJ IDEA Community Edition 2024.1.7\bin\breakgen64.dll
Event: 0.269 Loaded shared library C:\Users\Qaiaty Store\.gradle\jdks\eclipse_adoptium-23-amd64-windows.2\bin\extnet.dll
Event: 1.172 Loaded shared library C:\Users\Qaiaty Store\.gradle\jdks\eclipse_adoptium-23-amd64-windows.2\bin\jimage.dll

Deoptimization events (20 events):
Event: 1.427 Thread 0x000002ae25482810 DEOPT PACKING pc=0x000002ae359067ec sp=0x000000cda60fd4d0
Event: 1.427 Thread 0x000002ae25482810 DEOPT UNPACKING pc=0x000002ae35394402 sp=0x000000cda60fd418 mode 2
Event: 1.444 Thread 0x000002ae25482810 DEOPT PACKING pc=0x000002ae2df1428c sp=0x000000cda60fd3c0
Event: 1.444 Thread 0x000002ae25482810 DEOPT UNPACKING pc=0x000002ae35394b22 sp=0x000000cda60fc918 mode 0
Event: 1.445 Thread 0x000002ae25482810 DEOPT PACKING pc=0x000002ae2df1428c sp=0x000000cda60fd3c0
Event: 1.445 Thread 0x000002ae25482810 DEOPT UNPACKING pc=0x000002ae35394b22 sp=0x000000cda60fc918 mode 0
Event: 1.515 Thread 0x000002ae25482810 DEOPT PACKING pc=0x000002ae2df1428c sp=0x000000cda60fd3c0
Event: 1.515 Thread 0x000002ae25482810 DEOPT UNPACKING pc=0x000002ae35394b22 sp=0x000000cda60fc918 mode 0
Event: 1.515 Thread 0x000002ae25482810 DEOPT PACKING pc=0x000002ae2df1428c sp=0x000000cda60fd3c0
Event: 1.515 Thread 0x000002ae25482810 DEOPT UNPACKING pc=0x000002ae35394b22 sp=0x000000cda60fc918 mode 0
Event: 1.543 Thread 0x000002ae25482810 DEOPT PACKING pc=0x000002ae2df1428c sp=0x000000cda60fd3c0
Event: 1.543 Thread 0x000002ae25482810 DEOPT UNPACKING pc=0x000002ae35394b22 sp=0x000000cda60fc918 mode 0
Event: 1.546 Thread 0x000002ae25482810 DEOPT PACKING pc=0x000002ae2df1428c sp=0x000000cda60fd3c0
Event: 1.546 Thread 0x000002ae25482810 DEOPT UNPACKING pc=0x000002ae35394b22 sp=0x000000cda60fc918 mode 0
Event: 1.550 Thread 0x000002ae25482810 DEOPT PACKING pc=0x000002ae2df1428c sp=0x000000cda60fd3c0
Event: 1.551 Thread 0x000002ae25482810 DEOPT UNPACKING pc=0x000002ae35394b22 sp=0x000000cda60fc918 mode 0
Event: 1.556 Thread 0x000002ae25482810 DEOPT PACKING pc=0x000002ae2df1428c sp=0x000000cda60fd3c0
Event: 1.556 Thread 0x000002ae25482810 DEOPT UNPACKING pc=0x000002ae35394b22 sp=0x000000cda60fc918 mode 0
Event: 1.562 Thread 0x000002ae25482810 DEOPT PACKING pc=0x000002ae2df1428c sp=0x000000cda60fd3c0
Event: 1.562 Thread 0x000002ae25482810 DEOPT UNPACKING pc=0x000002ae35394b22 sp=0x000000cda60fc918 mode 0

Classes loaded (20 events):
Event: 1.175 Loading class sun/util/cldr/CLDRTimeZoneNameProviderImpl
Event: 1.175 Loading class sun/util/locale/provider/TimeZoneNameProviderImpl
Event: 1.176 Loading class sun/util/locale/provider/TimeZoneNameProviderImpl done
Event: 1.176 Loading class sun/util/cldr/CLDRTimeZoneNameProviderImpl done
Event: 1.182 Loading class sun/util/locale/provider/FallbackLocaleProviderAdapter
Event: 1.182 Loading class sun/util/locale/provider/FallbackLocaleProviderAdapter done
Event: 1.183 Loading class sun/util/locale/provider/BaseLocaleDataMetaInfo
Event: 1.183 Loading class sun/util/locale/provider/BaseLocaleDataMetaInfo done
Event: 1.273 Loading class sun/util/resources/cldr/TimeZoneNames
Event: 1.274 Loading class sun/util/resources/TimeZoneNamesBundle
Event: 1.274 Loading class sun/util/resources/OpenListResourceBundle
Event: 1.274 Loading class sun/util/resources/OpenListResourceBundle done
Event: 1.274 Loading class sun/util/resources/TimeZoneNamesBundle done
Event: 1.275 Loading class sun/util/resources/cldr/TimeZoneNames done
Event: 1.275 Loading class sun/util/resources/cldr/TimeZoneNames_en
Event: 1.277 Loading class sun/util/resources/cldr/TimeZoneNames_en done
Event: 1.277 Loading class sun/util/resources/cldr/TimeZoneNames_en_US
Event: 1.277 Loading class sun/util/resources/cldr/TimeZoneNames_en_US done
Event: 1.574 Loading class java/lang/foreign/MemorySegment
Event: 1.576 Loading class java/lang/foreign/MemorySegment done

Classes unloaded (0 events):
No events

Classes redefined (0 events):
No events

Internal exceptions (6 events):
Event: 0.241 Thread 0x000002ae25482810 Exception <a 'java/lang/NoSuchMethodError'{0x000000074d0668c0}: 'java.lang.Object java.lang.invoke.Invokers$Holder.invokeExact_MT(java.lang.Object, java.lang.Object, java.lang.Object, java.lang.Object, java.lang.Object)'> (0x000000074d0668c0) 
thrown [s\src\hotspot\share\interpreter\linkResolver.cpp, line 796]
Event: 0.273 Thread 0x000002ae88245550 Exception <a 'java/lang/NoSuchMethodError'{0x000000074d098738}: 'void java.lang.invoke.DirectMethodHandle$Holder.invokeStatic(java.lang.Object, java.lang.Object)'> (0x000000074d098738) 
thrown [s\src\hotspot\share\interpreter\linkResolver.cpp, line 796]
Event: 0.306 Thread 0x000002ae25482810 Exception <a 'java/lang/NoSuchMethodError'{0x000000074d1a53d8}: 'int java.lang.invoke.DirectMethodHandle$Holder.invokeStaticInit(java.lang.Object, java.lang.Object, java.lang.Object)'> (0x000000074d1a53d8) 
thrown [s\src\hotspot\share\interpreter\linkResolver.cpp, line 796]
Event: 0.369 Thread 0x000002ae25482810 Exception <a 'java/lang/NoSuchMethodError'{0x000000074ce09668}: 'java.lang.Object java.lang.invoke.DirectMethodHandle$Holder.invokeStaticInit(java.lang.Object, int, int, int, int)'> (0x000000074ce09668) 
thrown [s\src\hotspot\share\interpreter\linkResolver.cpp, line 796]
Event: 0.421 Thread 0x000002ae25482810 Exception <a 'java/lang/NoSuchMethodError'{0x000000074cee46a8}: 'java.lang.Object java.lang.invoke.DirectMethodHandle$Holder.invokeStaticInit(java.lang.Object, java.lang.Object, int, int, int, int)'> (0x000000074cee46a8) 
thrown [s\src\hotspot\share\interpreter\linkResolver.cpp, line 796]
Event: 0.454 Thread 0x000002ae25482810 Exception <a 'java/lang/NoSuchMethodError'{0x000000074cfd2b88}: 'java.lang.Object java.lang.invoke.DirectMethodHandle$Holder.invokeStaticInit(java.lang.Object, java.lang.Object, java.lang.Object)'> (0x000000074cfd2b88) 
thrown [s\src\hotspot\share\interpreter\linkResolver.cpp, line 796]

VM Operations (14 events):
Event: 0.147 Executing VM operation: HandshakeAllThreads (Deoptimize)
Event: 0.147 Executing VM operation: HandshakeAllThreads (Deoptimize) done
Event: 0.638 Executing VM operation: HandshakeAllThreads (Deoptimize)
Event: 0.638 Executing VM operation: HandshakeAllThreads (Deoptimize) done
Event: 0.919 Executing VM operation: G1TryInitiateConcMark (G1 Humongous Allocation)
Event: 0.925 Executing VM operation: G1TryInitiateConcMark (G1 Humongous Allocation) done
Event: 1.131 Executing VM operation: G1TryInitiateConcMark (G1 Humongous Allocation)
Event: 1.133 Executing VM operation: G1TryInitiateConcMark (G1 Humongous Allocation) done
Event: 1.186 Executing VM operation: HandshakeAllThreads (Deoptimize)
Event: 1.272 Executing VM operation: HandshakeAllThreads (Deoptimize) done
Event: 1.754 Executing VM operation: G1TryInitiateConcMark (G1 Humongous Allocation)
Event: 1.755 Executing VM operation: G1TryInitiateConcMark (G1 Humongous Allocation) done
Event: 2.743 Executing VM operation: G1TryInitiateConcMark (G1 Humongous Allocation)
Event: 2.744 Executing VM operation: G1TryInitiateConcMark (G1 Humongous Allocation) done

Memory protections (0 events):
No events

Nmethod flushes (0 events):
No events

Events (14 events):
Event: 0.055 Thread 0x000002ae25482810 Thread added: 0x000002ae25482810
Event: 0.079 Thread 0x000002ae25482810 Thread added: 0x000002ae42f64690
Event: 0.079 Thread 0x000002ae25482810 Thread added: 0x000002ae42f655b0
Event: 0.079 Thread 0x000002ae25482810 Thread added: 0x000002ae42f68130
Event: 0.079 Thread 0x000002ae25482810 Thread added: 0x000002ae42f6b340
Event: 0.079 Thread 0x000002ae25482810 Thread added: 0x000002ae42f6e140
Event: 0.079 Thread 0x000002ae25482810 Thread added: 0x000002ae42f6bda0
Event: 0.080 Thread 0x000002ae25482810 Thread added: 0x000002ae42f6c740
Event: 0.080 Thread 0x000002ae25482810 Thread added: 0x000002ae42f73750
Event: 0.134 Thread 0x000002ae25482810 Thread added: 0x000002ae88045c30
Event: 0.252 Thread 0x000002ae25482810 Thread added: 0x000002ae88245550
Event: 0.252 Thread 0x000002ae25482810 Thread added: 0x000002ae882463d0
Event: 0.695 Thread 0x000002ae42f73750 Thread added: 0x000002ae8879c2e0
Event: 1.147 Thread 0x000002ae8879c2e0 Thread exited: 0x000002ae8879c2e0


Dynamic libraries:
0x00007ff7ed850000 - 0x00007ff7ed85e000 	C:\Users\Qaiaty Store\.gradle\jdks\eclipse_adoptium-23-amd64-windows.2\bin\java.exe
0x00007ffa16490000 - 0x00007ffa16688000 	C:\Windows\SYSTEM32\ntdll.dll
0x00007ffa15720000 - 0x00007ffa157e2000 	C:\Windows\System32\KERNEL32.DLL
0x00007ffa13ce0000 - 0x00007ffa13fd6000 	C:\Windows\System32\KERNELBASE.dll
0x00007ffa13be0000 - 0x00007ffa13ce0000 	C:\Windows\System32\ucrtbase.dll
0x00007ffa0b340000 - 0x00007ffa0b357000 	C:\Users\Qaiaty Store\.gradle\jdks\eclipse_adoptium-23-amd64-windows.2\bin\jli.dll
0x00007ffa03100000 - 0x00007ffa0311e000 	C:\Users\Qaiaty Store\.gradle\jdks\eclipse_adoptium-23-amd64-windows.2\bin\VCRUNTIME140.dll
0x00007ffa14510000 - 0x00007ffa146ad000 	C:\Windows\System32\USER32.dll
0x00007ffa14330000 - 0x00007ffa14352000 	C:\Windows\System32\win32u.dll
0x00007ffa16290000 - 0x00007ffa162bb000 	C:\Windows\System32\GDI32.dll
0x00007ff9ff740000 - 0x00007ff9ff9da000 	C:\Windows\WinSxS\amd64_microsoft.windows.common-controls_6595b64144ccf1df_6.0.19041.4355_none_60b8b9eb71f62e16\COMCTL32.dll
0x00007ffa158d0000 - 0x00007ffa1596e000 	C:\Windows\System32\msvcrt.dll
0x00007ffa14140000 - 0x00007ffa1425a000 	C:\Windows\System32\gdi32full.dll
0x00007ffa14410000 - 0x00007ffa144ad000 	C:\Windows\System32\msvcp_win.dll
0x00007ffa15ac0000 - 0x00007ffa15aef000 	C:\Windows\System32\IMM32.DLL
0x00007ffa0d730000 - 0x00007ffa0d73c000 	C:\Users\Qaiaty Store\.gradle\jdks\eclipse_adoptium-23-amd64-windows.2\bin\vcruntime140_1.dll
0x00007ff9e2910000 - 0x00007ff9e299d000 	C:\Users\Qaiaty Store\.gradle\jdks\eclipse_adoptium-23-amd64-windows.2\bin\msvcp140.dll
0x00007ff962120000 - 0x00007ff962eee000 	C:\Users\Qaiaty Store\.gradle\jdks\eclipse_adoptium-23-amd64-windows.2\bin\server\jvm.dll
0x00007ffa161e0000 - 0x00007ffa1628f000 	C:\Windows\System32\ADVAPI32.dll
0x00007ffa15670000 - 0x00007ffa1570f000 	C:\Windows\System32\sechost.dll
0x00007ffa14e20000 - 0x00007ffa14f43000 	C:\Windows\System32\RPCRT4.dll
0x00007ffa13b20000 - 0x00007ffa13b47000 	C:\Windows\System32\bcrypt.dll
0x00007ffa163e0000 - 0x00007ffa1644b000 	C:\Windows\System32\WS2_32.dll
0x00007ffa13060000 - 0x00007ffa130ab000 	C:\Windows\SYSTEM32\POWRPROF.dll
0x00007ff9ffb10000 - 0x00007ff9ffb37000 	C:\Windows\SYSTEM32\WINMM.dll
0x00007ffa0bd10000 - 0x00007ffa0bd1a000 	C:\Windows\SYSTEM32\VERSION.dll
0x00007ffa12f20000 - 0x00007ffa12f32000 	C:\Windows\SYSTEM32\UMPDC.dll
0x00007ffa12340000 - 0x00007ffa12352000 	C:\Windows\SYSTEM32\kernel.appcore.dll
0x00007ffa0b330000 - 0x00007ffa0b33a000 	C:\Users\Qaiaty Store\.gradle\jdks\eclipse_adoptium-23-amd64-windows.2\bin\jimage.dll
0x00007ffa115a0000 - 0x00007ffa11784000 	C:\Windows\SYSTEM32\DBGHELP.DLL
0x00007ff9f18c0000 - 0x00007ff9f18f4000 	C:\Windows\SYSTEM32\dbgcore.DLL
0x00007ffa13b50000 - 0x00007ffa13bd2000 	C:\Windows\System32\bcryptPrimitives.dll
0x00007ffa030b0000 - 0x00007ffa030bf000 	C:\Users\Qaiaty Store\.gradle\jdks\eclipse_adoptium-23-amd64-windows.2\bin\instrument.dll
0x00007ffa03090000 - 0x00007ffa030ae000 	C:\Users\Qaiaty Store\.gradle\jdks\eclipse_adoptium-23-amd64-windows.2\bin\java.dll
0x00007ffa15b60000 - 0x00007ffa15c8b000 	C:\Windows\System32\ole32.dll
0x00007ffa15240000 - 0x00007ffa15595000 	C:\Windows\System32\combase.dll
0x00007ffa146b0000 - 0x00007ffa14e1f000 	C:\Windows\System32\SHELL32.dll
0x00007ffa11b80000 - 0x00007ffa12323000 	C:\Windows\SYSTEM32\windows.storage.dll
0x00007ffa13550000 - 0x00007ffa1357b000 	C:\Windows\SYSTEM32\Wldp.dll
0x00007ffa155a0000 - 0x00007ffa1566d000 	C:\Windows\System32\OLEAUT32.dll
0x00007ffa15100000 - 0x00007ffa151ad000 	C:\Windows\System32\SHCORE.dll
0x00007ffa15b00000 - 0x00007ffa15b55000 	C:\Windows\System32\shlwapi.dll
0x00007ffa13a50000 - 0x00007ffa13a75000 	C:\Windows\SYSTEM32\profapi.dll
0x00007ff9e16c0000 - 0x00007ff9e1797000 	C:\Users\Qaiaty Store\.gradle\jdks\eclipse_adoptium-23-amd64-windows.2\bin\jsvml.dll
0x00007ff9f63a0000 - 0x00007ff9f63b7000 	C:\Users\Qaiaty Store\.gradle\jdks\eclipse_adoptium-23-amd64-windows.2\bin\zip.dll
0x00007ffa03000000 - 0x00007ffa03010000 	C:\Users\Qaiaty Store\.gradle\jdks\eclipse_adoptium-23-amd64-windows.2\bin\net.dll
0x00007ffa132b0000 - 0x00007ffa1331c000 	C:\Windows\system32\mswsock.dll
0x00007ff9f1e50000 - 0x00007ff9f1e66000 	C:\Users\Qaiaty Store\.gradle\jdks\eclipse_adoptium-23-amd64-windows.2\bin\nio.dll
0x00007ff9e6f70000 - 0x00007ff9e6f8a000 	C:\Program Files\JetBrains\IntelliJ IDEA Community Edition 2024.1.7\bin\breakgen64.dll
0x00007ffa01e60000 - 0x00007ffa01e69000 	C:\Users\Qaiaty Store\.gradle\jdks\eclipse_adoptium-23-amd64-windows.2\bin\extnet.dll
0x00007ffa134b0000 - 0x00007ffa134c8000 	C:\Windows\SYSTEM32\CRYPTSP.dll
0x00007ffa12b60000 - 0x00007ffa12b98000 	C:\Windows\system32\rsaenh.dll
0x00007ffa13a10000 - 0x00007ffa13a3e000 	C:\Windows\SYSTEM32\USERENV.dll
0x00007ffa134a0000 - 0x00007ffa134ac000 	C:\Windows\SYSTEM32\CRYPTBASE.dll
0x00007ffa12f40000 - 0x00007ffa12f7b000 	C:\Windows\SYSTEM32\IPHLPAPI.DLL
0x00007ffa15af0000 - 0x00007ffa15af8000 	C:\Windows\System32\NSI.dll

dbghelp: loaded successfully - version: 4.0.5 - missing functions: none
symbol engine: initialized successfully - sym options: 0x614 - pdb path: .;C:\Users\Qaiaty Store\.gradle\jdks\eclipse_adoptium-23-amd64-windows.2\bin;C:\Windows\SYSTEM32;C:\Windows\WinSxS\amd64_microsoft.windows.common-controls_6595b64144ccf1df_6.0.19041.4355_none_60b8b9eb71f62e16;C:\Users\Qaiaty Store\.gradle\jdks\eclipse_adoptium-23-amd64-windows.2\bin\server;C:\Program Files\JetBrains\IntelliJ IDEA Community Edition 2024.1.7\bin

VM Arguments:
jvm_args: -javaagent:C:\Program Files\JetBrains\IntelliJ IDEA Community Edition 2024.1.7\lib\idea_rt.jar=52804:C:\Program Files\JetBrains\IntelliJ IDEA Community Edition 2024.1.7\bin -Dfile.encoding=UTF-8 -Dsun.stdout.encoding=UTF-8 -Dsun.stderr.encoding=UTF-8 
java_command: org.example.MainKt
java_class_path (initial): F:\The chance\New folder\build\classes\kotlin\main;C:\Users\Qaiaty Store\.gradle\caches\modules-2\files-2.1\org.jetbrains.kotlin\kotlin-stdlib\2.1.10\d3028429e7151d7a7c1a0d63a4f60eac86a87b91\kotlin-stdlib-2.1.10.jar;C:\Users\Qaiaty Store\.gradle\caches\modules-2\files-2.1\io.insert-koin\koin-core-jvm\4.0.2\afb9659798a7afc720afdc2d745a959e9d598fc9\koin-core-jvm-4.0.2.jar;C:\Users\Qaiaty Store\.gradle\caches\modules-2\files-2.1\org.jetbrains\annotations\13.0\919f0dfe192fb4e063e7dacadee7f8bb9a2672a9\annotations-13.0.jar;C:\Users\Qaiaty Store\.gradle\caches\modules-2\files-2.1\co.touchlab\stately-concurrent-collections-jvm\2.1.0\5c03b644537d7926a8f77e5735a8bebb55dafdcd\stately-concurrent-collections-jvm-2.1.0.jar;C:\Users\Qaiaty Store\.gradle\caches\modules-2\files-2.1\co.touchlab\stately-concurrency-jvm\2.1.0\6285428408c4d7e4a6d9a09511de877103effd81\stately-concurrency-jvm-2.1.0.jar;C:\Users\Qaiaty Store\.gradle\caches\modules-2\files-2.1\co.touchlab\stately-strict-jvm\2.1.0\3ae8369209065455f4630793bf6aca0fb88c8b6b\stately-strict-jvm-2.1.0.jar
Launcher Type: SUN_STANDARD

[Global flags]
     intx CICompilerCount                          = 3                                         {product} {ergonomic}
     uint ConcGCThreads                            = 1                                         {product} {ergonomic}
     uint G1ConcRefinementThreads                  = 4                                         {product} {ergonomic}
   size_t G1HeapRegionSize                         = 2097152                                   {product} {ergonomic}
   size_t InitialHeapSize                          = 201326592                                 {product} {ergonomic}
   size_t MarkStackSize                            = 4194304                                   {product} {ergonomic}
   size_t MarkStackSizeMax                         = 536870912                                 {product} {ergonomic}
   size_t MaxHeapSize                              = 3200253952                                {product} {ergonomic}
   size_t MaxNewSize                               = 1918894080                                {product} {ergonomic}
   size_t MinHeapDeltaBytes                        = 2097152                                   {product} {ergonomic}
   size_t MinHeapSize                              = 8388608                                   {product} {ergonomic}
    uintx NonNMethodCodeHeapSize                   = 5832704                                {pd product} {ergonomic}
    uintx NonProfiledCodeHeapSize                  = 122945536                              {pd product} {ergonomic}
    uintx ProfiledCodeHeapSize                     = 122880000                              {pd product} {ergonomic}
    uintx ReservedCodeCacheSize                    = 251658240                              {pd product} {ergonomic}
     bool SegmentedCodeCache                       = true                                      {product} {ergonomic}
   size_t SoftMaxHeapSize                          = 3200253952                             {manageable} {ergonomic}
     bool UseCompressedOops                        = true                           {product lp64_product} {ergonomic}
     bool UseG1GC                                  = true                                      {product} {ergonomic}
     bool UseLargePagesIndividualAllocation        = false                                  {pd product} {ergonomic}

Logging:
Log output configuration:
 #0: stdout all=warning uptime,level,tags foldmultilines=false
 #1: stderr all=off uptime,level,tags foldmultilines=false

Environment Variables:
PATH=C:\Program Files\Common Files\Oracle\Java\javapath;C:\Program Files\Eclipse Adoptium\jdk-21.0.6.7-hotspot\bin;C:\Windows\system32;C:\Windows;C:\Windows\System32\Wbem;C:\Windows\System32\WindowsPowerShell\v1.0\;C:\Windows\System32\OpenSSH\;C:\Program Files (x86)\Microsoft SQL Server\100\Tools\Binn\;C:\Program Files\Microsoft SQL Server\100\Tools\Binn\;C:\Program Files\Microsoft SQL Server\100\DTS\Binn\;C:\Program Files\Microsoft SQL Server\150\Tools\Binn\;C:\Program Files\Microsoft SQL Server\Client SDK\ODBC\170\Tools\Binn\;C:\MinGW\bin;C:\Program Files\MATLAB\R2010a\runtime\win64;C:\Program Files\MATLAB\R2010a\bin;C:\Program Files (x86)\Microsoft SQL Server\160\DTS\Binn\;C:\Program Files\Azure Data Studio\bin;C:\Program Files (x86)\Microsoft SQL Server\160\Tools\Binn\;C:\Program Files\Microsoft SQL Server\160\Tools\Binn\;C:\Program Files\Microsoft SQL Server\160\DTS\Binn\;C:\Program Files\dotnet\;C:\Program Files (x86)\Windows Kits\10\Windows Performance Toolkit\;C:\Program Files\Git\cmd;C:\Users\Qaiaty Store\AppData\Local\Programs\Python\Python313\Scripts\;C:\Users\Qaiaty Store\AppData\Local\Programs\Python\Python313\;C:\Users\Qaiaty Store\AppData\Local\Programs\Python\Python37\Scripts\;C:\Users\Qaiaty Store\AppData\Local\Programs\Python\Python37\;C:\Users\Qaiaty Store\AppData\Local\Microsoft\WindowsApps;C:\Users\Qaiaty Store\AppData\Local\Programs\Microsoft VS Code\bin;C:\Program Files\Azure Data Studio\bin;F:\python\PyCharm Community Edition 2024.2.4\bin;;C:\Windows\System32\cmd.exe;C:\flutter\src\flutter\bin;C:\Users\Qaiaty Store\.dotnet\tools;;C:\Users\Qaiaty Store\AppData\Local\JetBrains\PyCharm 2024.3\bin;;C:\Program Files\JetBrains\IntelliJ IDEA 2024.3.5\bin;;C:\Program Files\JetBrains\IntelliJ IDEA Community Edition 2024.1.7\bin;
USERNAME=Qaiaty Store
OS=Windows_NT
PROCESSOR_IDENTIFIER=Intel64 Family 6 Model 142 Stepping 9, GenuineIntel
TMP=C:\Users\QAIATY~1\AppData\Local\Temp
TEMP=C:\Users\QAIATY~1\AppData\Local\Temp




Periodic native trim disabled

---------------  S Y S T E M  ---------------

OS:
 Windows 10 , 64 bit Build 19041 (10.0.19041.5678)
OS uptime: 1 days 4:18 hours

CPU: total 4 (initial active 4) (2 cores per cpu, 2 threads per core) family 6 model 142 stepping 9 microcode 0xb4, cx8, cmov, fxsr, ht, mmx, 3dnowpref, sse, sse2, sse3, ssse3, sse4.1, sse4.2, popcnt, lzcnt, tsc, tscinvbit, avx, avx2, aes, erms, clmul, bmi1, bmi2, adx, fma, vzeroupper, clflush, clflushopt, rdtscp, f16c
Processor Information for processor 0
  Max Mhz: 2901, Current Mhz: 2901, Mhz Limit: 2901
Processor Information for processor 1
  Max Mhz: 2901, Current Mhz: 2901, Mhz Limit: 2901
Processor Information for processor 2
  Max Mhz: 2901, Current Mhz: 2901, Mhz Limit: 2901
Processor Information for processor 3
  Max Mhz: 2901, Current Mhz: 1500, Mhz Limit: 2901

Memory: 4k page, system-wide physical 12204M (1459M free)
TotalPageFile size 25152M (AvailPageFile size 5M)
current process WorkingSet (physical memory assigned to process): 579M, peak: 579M
current process commit charge ("private bytes"): 842M, peak: 844M

vm_info: OpenJDK 64-Bit Server VM (23.0.2+7) for windows-amd64 JRE (23.0.2+7), built on 2025-01-21T00:00:00Z with MS VC++ 17.7 (VS2022)

END.
