#
# There is insufficient memory for the Java Runtime Environment to continue.
# Native memory allocation (mmap) failed to map 125829120 bytes. Error detail: G1 virtual space
# Possible reasons:
#   The system is out of physical RAM or swap space
#   This process is running with CompressedOops enabled, and the Java Heap may be blocking the growth of the native heap
# Possible solutions:
#   Reduce memory load on the system
#   Increase physical memory or swap space
#   Check if swap backing store is full
#   Decrease Java heap size (-Xmx/-Xms)
#   Decrease number of Java threads
#   Decrease Java thread stack sizes (-Xss)
#   Set larger code cache with -XX:ReservedCodeCacheSize=
#   JVM is running with Zero Based Compressed Oops mode in which the Java heap is
#     placed in the first 32GB address space. The Java Heap base address is the
#     maximum limit for the native heap growth. Please use -XX:HeapBaseMinAddress
#     to set the Java Heap base and to place the Java Heap above 32GB virtual address.
# This output file may be truncated or incomplete.
#
#  Out of Memory Error (os_windows.cpp:3707), pid=19320, tid=21400
#
# JRE version: OpenJDK Runtime Environment Temurin-23.0.2+7 (23.0.2+7) (build 23.0.2+7)
# Java VM: OpenJDK 64-Bit Server VM Temurin-23.0.2+7 (23.0.2+7, mixed mode, sharing, tiered, compressed oops, compressed class ptrs, g1 gc, windows-amd64)
# No core dump will be written. Minidumps are not enabled by default on client versions of Windows
#

---------------  S U M M A R Y ------------

Command Line: -javaagent:C:\Program Files\JetBrains\IntelliJ IDEA Community Edition 2024.1.7\lib\idea_rt.jar=63884:C:\Program Files\JetBrains\IntelliJ IDEA Community Edition 2024.1.7\bin -Dfile.encoding=UTF-8 -Dsun.stdout.encoding=UTF-8 -Dsun.stderr.encoding=UTF-8 org.example.MainKt

Host: Intel(R) Core(TM) i7-7500U CPU @ 2.70GHz, 4 cores, 11G,  Windows 10 , 64 bit Build 19041 (10.0.19041.5678)
Time: Fri Apr 25 17:36:35 2025 Egypt Daylight Time elapsed time: 59.141350 seconds (0d 0h 0m 59s)

---------------  T H R E A D  ---------------

Current thread (0x0000022cd5416f40):  VMThread "VM Thread"          [id=21400, stack(0x0000008c8d100000,0x0000008c8d200000) (1024K)]

Stack: [0x0000008c8d100000,0x0000008c8d200000]
Native frames: (J=compiled Java code, j=interpreted, Vv=VM code, C=native code)
V  [jvm.dll+0x6e8fa9]  (no source info available)
V  [jvm.dll+0x8d96b3]  (no source info available)
V  [jvm.dll+0x8dbb3e]  (no source info available)
V  [jvm.dll+0x8dc213]  (no source info available)
V  [jvm.dll+0x281bc6]  (no source info available)
V  [jvm.dll+0x6e5885]  (no source info available)
V  [jvm.dll+0x6d980a]  (no source info available)
V  [jvm.dll+0x36271a]  (no source info available)
V  [jvm.dll+0x36ab46]  (no source info available)
V  [jvm.dll+0x3570ee]  (no source info available)
V  [jvm.dll+0x357388]  (no source info available)
V  [jvm.dll+0x32fd1c]  (no source info available)
V  [jvm.dll+0x32fdaa]  (no source info available)
V  [jvm.dll+0x37b3b2]  (no source info available)
V  [jvm.dll+0x379abc]  (no source info available)
V  [jvm.dll+0x32f507]  (no source info available)
V  [jvm.dll+0x3791c4]  (no source info available)
V  [jvm.dll+0x8e209f]  (no source info available)
V  [jvm.dll+0x8e33b6]  (no source info available)
V  [jvm.dll+0x8e38e8]  (no source info available)
V  [jvm.dll+0x8e3b83]  (no source info available)
V  [jvm.dll+0x88062b]  (no source info available)
V  [jvm.dll+0x6e77b5]  (no source info available)
C  [ucrtbase.dll+0x21bb2]  (no source info available)
C  [KERNEL32.DLL+0x17374]  (no source info available)
C  [ntdll.dll+0x4cc91]  (no source info available)

VM_Operation (0x0000008c8c9fd090): G1CollectForAllocation, mode: safepoint, requested by thread 0x0000022cb7952480


---------------  P R O C E S S  ---------------

Threads class SMR info:
_java_thread_list=0x0000022cd55dead0, length=12, elements={
0x0000022cb7952480, 0x0000022cd5433020, 0x0000022cd5433f40, 0x0000022cd5435d10,
0x0000022cd5438b80, 0x0000022cd54395e0, 0x0000022cd543a040, 0x0000022cd543add0,
0x0000022cd54ac030, 0x0000022cd54051d0, 0x0000022cd566c360, 0x0000022cd566c9d0
}

Java Threads: ( => current thread )
  0x0000022cb7952480 JavaThread "main"                              [_thread_blocked, id=20876, stack(0x0000008c8c900000,0x0000008c8ca00000) (1024K)]
  0x0000022cd5433020 JavaThread "Reference Handler"          daemon [_thread_blocked, id=1300, stack(0x0000008c8d200000,0x0000008c8d300000) (1024K)]
  0x0000022cd5433f40 JavaThread "Finalizer"                  daemon [_thread_blocked, id=10804, stack(0x0000008c8d300000,0x0000008c8d400000) (1024K)]
  0x0000022cd5435d10 JavaThread "Signal Dispatcher"          daemon [_thread_blocked, id=13484, stack(0x0000008c8d400000,0x0000008c8d500000) (1024K)]
  0x0000022cd5438b80 JavaThread "Attach Listener"            daemon [_thread_blocked, id=16616, stack(0x0000008c8d500000,0x0000008c8d600000) (1024K)]
  0x0000022cd54395e0 JavaThread "Service Thread"             daemon [_thread_blocked, id=19604, stack(0x0000008c8d600000,0x0000008c8d700000) (1024K)]
  0x0000022cd543a040 JavaThread "Monitor Deflation Thread"   daemon [_thread_blocked, id=11688, stack(0x0000008c8d700000,0x0000008c8d800000) (1024K)]
  0x0000022cd543add0 JavaThread "C2 CompilerThread0"         daemon [_thread_blocked, id=21156, stack(0x0000008c8d800000,0x0000008c8d900000) (1024K)]
  0x0000022cd54ac030 JavaThread "C1 CompilerThread0"         daemon [_thread_blocked, id=17488, stack(0x0000008c8d900000,0x0000008c8da00000) (1024K)]
  0x0000022cd54051d0 JavaThread "Common-Cleaner"             daemon [_thread_blocked, id=3584, stack(0x0000008c8da00000,0x0000008c8db00000) (1024K)]
  0x0000022cd566c360 JavaThread "Monitor Ctrl-Break"         daemon [_thread_in_native, id=20492, stack(0x0000008c8db00000,0x0000008c8dc00000) (1024K)]
  0x0000022cd566c9d0 JavaThread "Notification Thread"        daemon [_thread_blocked, id=9992, stack(0x0000008c8dc00000,0x0000008c8dd00000) (1024K)]
Total: 12

Other Threads:
=>0x0000022cd5416f40 VMThread "VM Thread"                           [id=21400, stack(0x0000008c8d100000,0x0000008c8d200000) (1024K)]
  0x0000022cd54041e0 WatcherThread "VM Periodic Task Thread"        [id=10928, stack(0x0000008c8d000000,0x0000008c8d100000) (1024K)]
  0x0000022cb79a6920 WorkerThread "GC Thread#0"                     [id=20216, stack(0x0000008c8cb00000,0x0000008c8cc00000) (1024K)]
  0x0000022d1b5ed100 WorkerThread "GC Thread#1"                     [id=20892, stack(0x0000008c8dd00000,0x0000008c8de00000) (1024K)]
  0x0000022d1b5ed4b0 WorkerThread "GC Thread#2"                     [id=21772, stack(0x0000008c8de00000,0x0000008c8df00000) (1024K)]
  0x0000022d1b5ed860 WorkerThread "GC Thread#3"                     [id=20084, stack(0x0000008c8df00000,0x0000008c8e000000) (1024K)]
  0x0000022cb79b67e0 ConcurrentGCThread "G1 Main Marker"            [id=13028, stack(0x0000008c8cc00000,0x0000008c8cd00000) (1024K)]
  0x0000022cb79b72f0 WorkerThread "G1 Conc#0"                       [id=4072, stack(0x0000008c8cd00000,0x0000008c8ce00000) (1024K)]
  0x0000022cd52e10a0 ConcurrentGCThread "G1 Refine#0"               [id=4836, stack(0x0000008c8ce00000,0x0000008c8cf00000) (1024K)]
  0x0000022cb7a16010 ConcurrentGCThread "G1 Service"                [id=16980, stack(0x0000008c8cf00000,0x0000008c8d000000) (1024K)]
Total: 10

Threads with active compile tasks:
Total: 0

VM state: at safepoint (normal execution)

VM Mutex/Monitor currently owned by a thread:  ([mutex/lock_event])
[0x00007ff962e0cce8] Threads_lock - owner thread: 0x0000022cd5416f40
[0x00007ff962e0cde8] Heap_lock - owner thread: 0x0000022cb7952480

Heap address: 0x0000000741400000, size: 3052 MB, Compressed Oops mode: Zero based, Oop shift amount: 3

CDS archive(s) mapped at: [0x0000022cd6000000-0x0000022cd6d70000-0x0000022cd6d70000), size 14090240, SharedBaseAddress: 0x0000022cd6000000, ArchiveRelocationMode: 1.
Compressed class space mapped at: 0x0000022cd7000000-0x0000022d17000000, reserved size: 1073741824
Narrow klass base: 0x0000022cd6000000, Narrow klass shift: 0, Narrow klass range: 0x41000000

GC Precious Log:
 CardTable entry size: 512
 Card Set container configuration: InlinePtr #cards 4 size 8 Array Of Cards #cards 16 size 48 Howl #buckets 8 coarsen threshold 3686 Howl Bitmap #cards 512 size 80 coarsen threshold 460 Card regions per heap region 1 cards per card region 4096
 CPUs: 4 total, 4 available
 Memory: 12204M
 Large Page Support: Disabled
 NUMA Support: Disabled
 Compressed Oops: Enabled (Zero based)
 Heap Region Size: 2M
 Heap Min Capacity: 8M
 Heap Initial Capacity: 192M
 Heap Max Capacity: 3052M
 Pre-touch: Disabled
 Parallel Workers: 4
 Concurrent Workers: 1
 Concurrent Refinement Workers: 4
 Periodic GC: Disabled

Heap:
 garbage-first heap   total reserved 3125248K, committed 1859584K, used 1165191K [0x0000000741400000, 0x0000000800000000)
  region size 2048K, 7 young (14336K), 7 survivors (14336K)
 Metaspace       used 4413K, committed 4608K, reserved 1114112K
  class space    used 335K, committed 448K, reserved 1048576K

Heap Regions: E=young(eden), S=young(survivor), O=old, HS=humongous(starts), HC=humongous(continues), CS=collection set, F=free, TAMS=top-at-mark-start, PB=parsable bottom
|   0|0x0000000741400000, 0x0000000741600000, 0x0000000741600000|100%| O|  |TAMS 0x0000000741600000| PB 0x0000000741400000| Untracked |  0
|   1|0x0000000741600000, 0x0000000741800000, 0x0000000741800000|100%| O|  |TAMS 0x0000000741800000| PB 0x0000000741600000| Untracked |  0
|   2|0x0000000741800000, 0x0000000741a00000, 0x0000000741a00000|100%| O|  |TAMS 0x0000000741a00000| PB 0x0000000741800000| Untracked |  0
|   3|0x0000000741a00000, 0x0000000741c00000, 0x0000000741c00000|100%| O|  |TAMS 0x0000000741c00000| PB 0x0000000741a00000| Untracked |  0
|   4|0x0000000741c00000, 0x0000000741e00000, 0x0000000741e00000|100%| O|  |TAMS 0x0000000741e00000| PB 0x0000000741c00000| Untracked |  0
|   5|0x0000000741e00000, 0x0000000742000000, 0x0000000742000000|100%| O|  |TAMS 0x0000000742000000| PB 0x0000000741e00000| Untracked |  0
|   6|0x0000000742000000, 0x0000000742200000, 0x0000000742200000|100%| O|  |TAMS 0x0000000742200000| PB 0x0000000742000000| Untracked |  0
|   7|0x0000000742200000, 0x0000000742400000, 0x0000000742400000|100%| O|  |TAMS 0x0000000742400000| PB 0x0000000742200000| Untracked |  0
|   8|0x0000000742400000, 0x0000000742600000, 0x0000000742600000|100%| O|  |TAMS 0x0000000742600000| PB 0x0000000742400000| Untracked |  0
|   9|0x0000000742600000, 0x0000000742800000, 0x0000000742800000|100%| O|  |TAMS 0x0000000742800000| PB 0x0000000742600000| Untracked |  0
|  10|0x0000000742800000, 0x0000000742a00000, 0x0000000742a00000|100%| O|  |TAMS 0x0000000742a00000| PB 0x0000000742800000| Untracked |  0
|  11|0x0000000742a00000, 0x0000000742c00000, 0x0000000742c00000|100%| O|  |TAMS 0x0000000742c00000| PB 0x0000000742a00000| Untracked |  0
|  12|0x0000000742c00000, 0x0000000742e00000, 0x0000000742e00000|100%| O|  |TAMS 0x0000000742e00000| PB 0x0000000742c00000| Untracked |  0
|  13|0x0000000742e00000, 0x0000000743000000, 0x0000000743000000|100%| O|  |TAMS 0x0000000743000000| PB 0x0000000742e00000| Untracked |  0
|  14|0x0000000743000000, 0x0000000743200000, 0x0000000743200000|100%| O|  |TAMS 0x0000000743200000| PB 0x0000000743000000| Untracked |  0
|  15|0x0000000743200000, 0x0000000743400000, 0x0000000743400000|100%| O|  |TAMS 0x0000000743400000| PB 0x0000000743200000| Untracked |  0
|  16|0x0000000743400000, 0x0000000743600000, 0x0000000743600000|100%| O|  |TAMS 0x0000000743600000| PB 0x0000000743400000| Untracked |  0
|  17|0x0000000743600000, 0x0000000743800000, 0x0000000743800000|100%| O|  |TAMS 0x0000000743800000| PB 0x0000000743600000| Untracked |  0
|  18|0x0000000743800000, 0x0000000743a00000, 0x0000000743a00000|100%| O|  |TAMS 0x0000000743a00000| PB 0x0000000743800000| Untracked |  0
|  19|0x0000000743a00000, 0x0000000743c00000, 0x0000000743c00000|100%| O|  |TAMS 0x0000000743c00000| PB 0x0000000743a00000| Untracked |  0
|  20|0x0000000743c00000, 0x0000000743e00000, 0x0000000743e00000|100%| O|  |TAMS 0x0000000743e00000| PB 0x0000000743c00000| Untracked |  0
|  21|0x0000000743e00000, 0x0000000744000000, 0x0000000744000000|100%| O|  |TAMS 0x0000000744000000| PB 0x0000000743e00000| Untracked |  0
|  22|0x0000000744000000, 0x0000000744200000, 0x0000000744200000|100%| O|  |TAMS 0x0000000744200000| PB 0x0000000744000000| Untracked |  0
|  23|0x0000000744200000, 0x0000000744400000, 0x0000000744400000|100%| O|  |TAMS 0x0000000744400000| PB 0x0000000744200000| Untracked |  0
|  24|0x0000000744400000, 0x0000000744600000, 0x0000000744600000|100%| O|  |TAMS 0x0000000744600000| PB 0x0000000744400000| Untracked |  0
|  25|0x0000000744600000, 0x0000000744800000, 0x0000000744800000|100%| O|  |TAMS 0x0000000744800000| PB 0x0000000744600000| Untracked |  0
|  26|0x0000000744800000, 0x0000000744a00000, 0x0000000744a00000|100%| O|  |TAMS 0x0000000744a00000| PB 0x0000000744800000| Untracked |  0
|  27|0x0000000744a00000, 0x0000000744c00000, 0x0000000744c00000|100%| O|  |TAMS 0x0000000744c00000| PB 0x0000000744a00000| Untracked |  0
|  28|0x0000000744c00000, 0x0000000744e00000, 0x0000000744e00000|100%| O|  |TAMS 0x0000000744e00000| PB 0x0000000744c00000| Untracked |  0
|  29|0x0000000744e00000, 0x0000000745000000, 0x0000000745000000|100%| O|  |TAMS 0x0000000745000000| PB 0x0000000744e00000| Untracked |  0
|  30|0x0000000745000000, 0x0000000745200000, 0x0000000745200000|100%| O|  |TAMS 0x0000000745200000| PB 0x0000000745000000| Untracked |  0
|  31|0x0000000745200000, 0x0000000745400000, 0x0000000745400000|100%| O|  |TAMS 0x0000000745400000| PB 0x0000000745200000| Untracked |  0
|  32|0x0000000745400000, 0x0000000745600000, 0x0000000745600000|100%| O|  |TAMS 0x0000000745600000| PB 0x0000000745400000| Untracked |  0
|  33|0x0000000745600000, 0x0000000745800000, 0x0000000745800000|100%| O|  |TAMS 0x0000000745800000| PB 0x0000000745600000| Untracked |  0
|  34|0x0000000745800000, 0x0000000745a00000, 0x0000000745a00000|100%| O|  |TAMS 0x0000000745a00000| PB 0x0000000745800000| Untracked |  0
|  35|0x0000000745a00000, 0x0000000745c00000, 0x0000000745c00000|100%| O|  |TAMS 0x0000000745c00000| PB 0x0000000745a00000| Untracked |  0
|  36|0x0000000745c00000, 0x0000000745e00000, 0x0000000745e00000|100%| O|  |TAMS 0x0000000745e00000| PB 0x0000000745c00000| Untracked |  0
|  37|0x0000000745e00000, 0x0000000746000000, 0x0000000746000000|100%| O|  |TAMS 0x0000000746000000| PB 0x0000000745e00000| Untracked |  0
|  38|0x0000000746000000, 0x0000000746200000, 0x0000000746200000|100%| O|  |TAMS 0x0000000746200000| PB 0x0000000746000000| Untracked |  0
|  39|0x0000000746200000, 0x0000000746400000, 0x0000000746400000|100%| O|  |TAMS 0x0000000746400000| PB 0x0000000746200000| Untracked |  0
|  40|0x0000000746400000, 0x0000000746600000, 0x0000000746600000|100%| O|  |TAMS 0x0000000746600000| PB 0x0000000746400000| Untracked |  0
|  41|0x0000000746600000, 0x0000000746800000, 0x0000000746800000|100%| O|  |TAMS 0x0000000746800000| PB 0x0000000746600000| Untracked |  0
|  42|0x0000000746800000, 0x0000000746a00000, 0x0000000746a00000|100%| O|  |TAMS 0x0000000746a00000| PB 0x0000000746800000| Untracked |  0
|  43|0x0000000746a00000, 0x0000000746c00000, 0x0000000746c00000|100%| O|  |TAMS 0x0000000746c00000| PB 0x0000000746a00000| Untracked |  0
|  44|0x0000000746c00000, 0x0000000746e00000, 0x0000000746e00000|100%| O|  |TAMS 0x0000000746e00000| PB 0x0000000746c00000| Untracked |  0
|  45|0x0000000746e00000, 0x0000000747000000, 0x0000000747000000|100%| O|  |TAMS 0x0000000747000000| PB 0x0000000746e00000| Untracked |  0
|  46|0x0000000747000000, 0x0000000747200000, 0x0000000747200000|100%| O|  |TAMS 0x0000000747200000| PB 0x0000000747000000| Untracked |  0
|  47|0x0000000747200000, 0x0000000747400000, 0x0000000747400000|100%| O|  |TAMS 0x0000000747400000| PB 0x0000000747200000| Untracked |  0
|  48|0x0000000747400000, 0x0000000747600000, 0x0000000747600000|100%| O|  |TAMS 0x0000000747600000| PB 0x0000000747400000| Untracked |  0
|  49|0x0000000747600000, 0x0000000747800000, 0x0000000747800000|100%| O|  |TAMS 0x0000000747800000| PB 0x0000000747600000| Untracked |  0
|  50|0x0000000747800000, 0x0000000747a00000, 0x0000000747a00000|100%| O|  |TAMS 0x0000000747a00000| PB 0x0000000747800000| Untracked |  0
|  51|0x0000000747a00000, 0x0000000747c00000, 0x0000000747c00000|100%| O|  |TAMS 0x0000000747c00000| PB 0x0000000747a00000| Untracked |  0
|  52|0x0000000747c00000, 0x0000000747e00000, 0x0000000747e00000|100%| O|  |TAMS 0x0000000747e00000| PB 0x0000000747c00000| Untracked |  0
|  53|0x0000000747e00000, 0x0000000748000000, 0x0000000748000000|100%| O|  |TAMS 0x0000000748000000| PB 0x0000000747e00000| Untracked |  0
|  54|0x0000000748000000, 0x0000000748200000, 0x0000000748200000|100%| O|  |TAMS 0x0000000748200000| PB 0x0000000748000000| Untracked |  0
|  55|0x0000000748200000, 0x0000000748400000, 0x0000000748400000|100%| O|  |TAMS 0x0000000748400000| PB 0x0000000748200000| Untracked |  0
|  56|0x0000000748400000, 0x0000000748600000, 0x0000000748600000|100%| O|  |TAMS 0x0000000748600000| PB 0x0000000748400000| Untracked |  0
|  57|0x0000000748600000, 0x0000000748800000, 0x0000000748800000|100%| O|  |TAMS 0x0000000748800000| PB 0x0000000748600000| Untracked |  0
|  58|0x0000000748800000, 0x0000000748a00000, 0x0000000748a00000|100%| O|  |TAMS 0x0000000748a00000| PB 0x0000000748800000| Untracked |  0
|  59|0x0000000748a00000, 0x0000000748c00000, 0x0000000748c00000|100%| O|  |TAMS 0x0000000748c00000| PB 0x0000000748a00000| Untracked |  0
|  60|0x0000000748c00000, 0x0000000748e00000, 0x0000000748e00000|100%| O|  |TAMS 0x0000000748e00000| PB 0x0000000748c00000| Untracked |  0
|  61|0x0000000748e00000, 0x0000000749000000, 0x0000000749000000|100%| O|  |TAMS 0x0000000749000000| PB 0x0000000748e00000| Untracked |  0
|  62|0x0000000749000000, 0x0000000749200000, 0x0000000749200000|100%| O|  |TAMS 0x0000000749200000| PB 0x0000000749000000| Untracked |  0
|  63|0x0000000749200000, 0x0000000749400000, 0x0000000749400000|100%| O|  |TAMS 0x0000000749400000| PB 0x0000000749200000| Untracked |  0
|  64|0x0000000749400000, 0x0000000749600000, 0x0000000749600000|100%| O|  |TAMS 0x0000000749600000| PB 0x0000000749400000| Untracked |  0
|  65|0x0000000749600000, 0x0000000749800000, 0x0000000749800000|100%| O|  |TAMS 0x0000000749800000| PB 0x0000000749600000| Untracked |  0
|  66|0x0000000749800000, 0x0000000749a00000, 0x0000000749a00000|100%| O|  |TAMS 0x0000000749a00000| PB 0x0000000749800000| Untracked |  0
|  67|0x0000000749a00000, 0x0000000749c00000, 0x0000000749c00000|100%| O|  |TAMS 0x0000000749c00000| PB 0x0000000749a00000| Untracked |  0
|  68|0x0000000749c00000, 0x0000000749e00000, 0x0000000749e00000|100%| O|  |TAMS 0x0000000749e00000| PB 0x0000000749c00000| Untracked |  0
|  69|0x0000000749e00000, 0x000000074a000000, 0x000000074a000000|100%| O|  |TAMS 0x000000074a000000| PB 0x0000000749e00000| Untracked |  0
|  70|0x000000074a000000, 0x000000074a200000, 0x000000074a200000|100%| O|  |TAMS 0x000000074a200000| PB 0x000000074a000000| Untracked |  0
|  71|0x000000074a200000, 0x000000074a400000, 0x000000074a400000|100%| O|  |TAMS 0x000000074a400000| PB 0x000000074a200000| Untracked |  0
|  72|0x000000074a400000, 0x000000074a600000, 0x000000074a600000|100%| O|  |TAMS 0x000000074a600000| PB 0x000000074a400000| Untracked |  0
|  73|0x000000074a600000, 0x000000074a800000, 0x000000074a800000|100%| O|  |TAMS 0x000000074a800000| PB 0x000000074a600000| Untracked |  0
|  74|0x000000074a800000, 0x000000074aa00000, 0x000000074aa00000|100%| O|  |TAMS 0x000000074aa00000| PB 0x000000074a800000| Untracked |  0
|  75|0x000000074aa00000, 0x000000074ac00000, 0x000000074ac00000|100%| O|  |TAMS 0x000000074ac00000| PB 0x000000074aa00000| Untracked |  0
|  76|0x000000074ac00000, 0x000000074ae00000, 0x000000074ae00000|100%| O|  |TAMS 0x000000074ae00000| PB 0x000000074ac00000| Untracked |  0
|  77|0x000000074ae00000, 0x000000074b000000, 0x000000074b000000|100%| O|  |TAMS 0x000000074b000000| PB 0x000000074ae00000| Untracked |  0
|  78|0x000000074b000000, 0x000000074b200000, 0x000000074b200000|100%| O|  |TAMS 0x000000074b200000| PB 0x000000074b000000| Untracked |  0
|  79|0x000000074b200000, 0x000000074b400000, 0x000000074b400000|100%| O|  |TAMS 0x000000074b400000| PB 0x000000074b200000| Untracked |  0
|  80|0x000000074b400000, 0x000000074b600000, 0x000000074b600000|100%| O|  |TAMS 0x000000074b600000| PB 0x000000074b400000| Untracked |  0
|  81|0x000000074b600000, 0x000000074b800000, 0x000000074b800000|100%| O|  |TAMS 0x000000074b800000| PB 0x000000074b600000| Untracked |  0
|  82|0x000000074b800000, 0x000000074ba00000, 0x000000074ba00000|100%| O|  |TAMS 0x000000074ba00000| PB 0x000000074b800000| Untracked |  0
|  83|0x000000074ba00000, 0x000000074bc00000, 0x000000074bc00000|100%| O|  |TAMS 0x000000074bc00000| PB 0x000000074ba00000| Untracked |  0
|  84|0x000000074bc00000, 0x000000074be00000, 0x000000074be00000|100%| O|  |TAMS 0x000000074be00000| PB 0x000000074bc00000| Untracked |  0
|  85|0x000000074be00000, 0x000000074c000000, 0x000000074c000000|100%| O|  |TAMS 0x000000074c000000| PB 0x000000074be00000| Untracked |  0
|  86|0x000000074c000000, 0x000000074c200000, 0x000000074c200000|100%| O|  |TAMS 0x000000074c200000| PB 0x000000074c000000| Untracked |  0
|  87|0x000000074c200000, 0x000000074c400000, 0x000000074c400000|100%| O|  |TAMS 0x000000074c400000| PB 0x000000074c200000| Untracked |  0
|  88|0x000000074c400000, 0x000000074c600000, 0x000000074c600000|100%| O|  |TAMS 0x000000074c600000| PB 0x000000074c400000| Untracked |  0
|  89|0x000000074c600000, 0x000000074c800000, 0x000000074c800000|100%| O|  |TAMS 0x000000074c800000| PB 0x000000074c600000| Untracked |  0
|  90|0x000000074c800000, 0x000000074ca00000, 0x000000074ca00000|100%| O|  |TAMS 0x000000074ca00000| PB 0x000000074c800000| Untracked |  0
|  91|0x000000074ca00000, 0x000000074cc00000, 0x000000074cc00000|100%| O|  |TAMS 0x000000074cc00000| PB 0x000000074ca00000| Untracked |  0
|  92|0x000000074cc00000, 0x000000074ce00000, 0x000000074ce00000|100%| O|  |TAMS 0x000000074ce00000| PB 0x000000074cc00000| Untracked |  0
|  93|0x000000074ce00000, 0x000000074d000000, 0x000000074d000000|100%| O|  |TAMS 0x000000074d000000| PB 0x000000074ce00000| Untracked |  0
|  94|0x000000074d000000, 0x000000074d200000, 0x000000074d200000|100%| O|  |TAMS 0x000000074d200000| PB 0x000000074d000000| Untracked |  0
|  95|0x000000074d200000, 0x000000074d400000, 0x000000074d400000|100%| O|  |TAMS 0x000000074d400000| PB 0x000000074d200000| Untracked |  0
|  96|0x000000074d400000, 0x000000074d600000, 0x000000074d600000|100%| O|  |TAMS 0x000000074d600000| PB 0x000000074d400000| Untracked |  0
|  97|0x000000074d600000, 0x000000074d800000, 0x000000074d800000|100%| O|  |TAMS 0x000000074d800000| PB 0x000000074d600000| Untracked |  0
|  98|0x000000074d800000, 0x000000074da00000, 0x000000074da00000|100%| O|  |TAMS 0x000000074da00000| PB 0x000000074d800000| Untracked |  0
|  99|0x000000074da00000, 0x000000074dc00000, 0x000000074dc00000|100%| O|  |TAMS 0x000000074dc00000| PB 0x000000074da00000| Untracked |  0
| 100|0x000000074dc00000, 0x000000074de00000, 0x000000074de00000|100%| O|  |TAMS 0x000000074de00000| PB 0x000000074dc00000| Untracked |  0
| 101|0x000000074de00000, 0x000000074e000000, 0x000000074e000000|100%| O|  |TAMS 0x000000074e000000| PB 0x000000074de00000| Untracked |  0
| 102|0x000000074e000000, 0x000000074e200000, 0x000000074e200000|100%| O|  |TAMS 0x000000074e200000| PB 0x000000074e000000| Untracked |  0
| 103|0x000000074e200000, 0x000000074e400000, 0x000000074e400000|100%| O|  |TAMS 0x000000074e400000| PB 0x000000074e200000| Untracked |  0
| 104|0x000000074e400000, 0x000000074e600000, 0x000000074e600000|100%| O|  |TAMS 0x000000074e600000| PB 0x000000074e400000| Untracked |  0
| 105|0x000000074e600000, 0x000000074e800000, 0x000000074e800000|100%| O|  |TAMS 0x000000074e800000| PB 0x000000074e600000| Untracked |  0
| 106|0x000000074e800000, 0x000000074ea00000, 0x000000074ea00000|100%| O|  |TAMS 0x000000074ea00000| PB 0x000000074e800000| Untracked |  0
| 107|0x000000074ea00000, 0x000000074ec00000, 0x000000074ec00000|100%| O|  |TAMS 0x000000074ec00000| PB 0x000000074ea00000| Untracked |  0
| 108|0x000000074ec00000, 0x000000074ee00000, 0x000000074ee00000|100%| O|  |TAMS 0x000000074ee00000| PB 0x000000074ec00000| Untracked |  0
| 109|0x000000074ee00000, 0x000000074f000000, 0x000000074f000000|100%| O|  |TAMS 0x000000074f000000| PB 0x000000074ee00000| Untracked |  0
| 110|0x000000074f000000, 0x000000074f200000, 0x000000074f200000|100%| O|  |TAMS 0x000000074f200000| PB 0x000000074f000000| Untracked |  0
| 111|0x000000074f200000, 0x000000074f400000, 0x000000074f400000|100%| O|  |TAMS 0x000000074f400000| PB 0x000000074f200000| Untracked |  0
| 112|0x000000074f400000, 0x000000074f600000, 0x000000074f600000|100%| O|  |TAMS 0x000000074f600000| PB 0x000000074f400000| Untracked |  0
| 113|0x000000074f600000, 0x000000074f800000, 0x000000074f800000|100%| O|  |TAMS 0x000000074f800000| PB 0x000000074f600000| Untracked |  0
| 114|0x000000074f800000, 0x000000074fa00000, 0x000000074fa00000|100%| O|  |TAMS 0x000000074fa00000| PB 0x000000074f800000| Untracked |  0
| 115|0x000000074fa00000, 0x000000074fc00000, 0x000000074fc00000|100%| O|  |TAMS 0x000000074fc00000| PB 0x000000074fa00000| Untracked |  0
| 116|0x000000074fc00000, 0x000000074fe00000, 0x000000074fe00000|100%| O|  |TAMS 0x000000074fe00000| PB 0x000000074fc00000| Untracked |  0
| 117|0x000000074fe00000, 0x0000000750000000, 0x0000000750000000|100%| O|  |TAMS 0x0000000750000000| PB 0x000000074fe00000| Untracked |  0
| 118|0x0000000750000000, 0x0000000750200000, 0x0000000750200000|100%| O|  |TAMS 0x0000000750200000| PB 0x0000000750000000| Untracked |  0
| 119|0x0000000750200000, 0x0000000750400000, 0x0000000750400000|100%| O|  |TAMS 0x0000000750400000| PB 0x0000000750200000| Untracked |  0
| 120|0x0000000750400000, 0x0000000750600000, 0x0000000750600000|100%| O|  |TAMS 0x0000000750600000| PB 0x0000000750400000| Untracked |  0
| 121|0x0000000750600000, 0x0000000750800000, 0x0000000750800000|100%| O|  |TAMS 0x0000000750800000| PB 0x0000000750600000| Untracked |  0
| 122|0x0000000750800000, 0x0000000750a00000, 0x0000000750a00000|100%| O|  |TAMS 0x0000000750a00000| PB 0x0000000750800000| Untracked |  0
| 123|0x0000000750a00000, 0x0000000750c00000, 0x0000000750c00000|100%| O|  |TAMS 0x0000000750c00000| PB 0x0000000750a00000| Untracked |  0
| 124|0x0000000750c00000, 0x0000000750e00000, 0x0000000750e00000|100%| O|  |TAMS 0x0000000750e00000| PB 0x0000000750c00000| Untracked |  0
| 125|0x0000000750e00000, 0x0000000751000000, 0x0000000751000000|100%| O|  |TAMS 0x0000000751000000| PB 0x0000000750e00000| Untracked |  0
| 126|0x0000000751000000, 0x0000000751200000, 0x0000000751200000|100%| O|  |TAMS 0x0000000751200000| PB 0x0000000751000000| Untracked |  0
| 127|0x0000000751200000, 0x0000000751400000, 0x0000000751400000|100%| O|  |TAMS 0x0000000751400000| PB 0x0000000751200000| Untracked |  0
| 128|0x0000000751400000, 0x0000000751600000, 0x0000000751600000|100%| O|  |TAMS 0x0000000751600000| PB 0x0000000751400000| Untracked |  0
| 129|0x0000000751600000, 0x0000000751800000, 0x0000000751800000|100%| O|  |TAMS 0x0000000751800000| PB 0x0000000751600000| Untracked |  0
| 130|0x0000000751800000, 0x0000000751a00000, 0x0000000751a00000|100%| O|  |TAMS 0x0000000751a00000| PB 0x0000000751800000| Untracked |  0
| 131|0x0000000751a00000, 0x0000000751c00000, 0x0000000751c00000|100%| O|  |TAMS 0x0000000751c00000| PB 0x0000000751a00000| Untracked |  0
| 132|0x0000000751c00000, 0x0000000751e00000, 0x0000000751e00000|100%| O|  |TAMS 0x0000000751e00000| PB 0x0000000751c00000| Untracked |  0
| 133|0x0000000751e00000, 0x0000000752000000, 0x0000000752000000|100%| O|  |TAMS 0x0000000752000000| PB 0x0000000751e00000| Untracked |  0
| 134|0x0000000752000000, 0x0000000752200000, 0x0000000752200000|100%| O|  |TAMS 0x0000000752200000| PB 0x0000000752000000| Untracked |  0
| 135|0x0000000752200000, 0x0000000752400000, 0x0000000752400000|100%| O|  |TAMS 0x0000000752400000| PB 0x0000000752200000| Untracked |  0
| 136|0x0000000752400000, 0x0000000752600000, 0x0000000752600000|100%| O|  |TAMS 0x0000000752600000| PB 0x0000000752400000| Untracked |  0
| 137|0x0000000752600000, 0x0000000752800000, 0x0000000752800000|100%| O|  |TAMS 0x0000000752800000| PB 0x0000000752600000| Untracked |  0
| 138|0x0000000752800000, 0x0000000752a00000, 0x0000000752a00000|100%| O|  |TAMS 0x0000000752a00000| PB 0x0000000752800000| Untracked |  0
| 139|0x0000000752a00000, 0x0000000752c00000, 0x0000000752c00000|100%| O|  |TAMS 0x0000000752c00000| PB 0x0000000752a00000| Untracked |  0
| 140|0x0000000752c00000, 0x0000000752e00000, 0x0000000752e00000|100%| O|  |TAMS 0x0000000752e00000| PB 0x0000000752c00000| Untracked |  0
| 141|0x0000000752e00000, 0x0000000753000000, 0x0000000753000000|100%| O|  |TAMS 0x0000000753000000| PB 0x0000000752e00000| Untracked |  0
| 142|0x0000000753000000, 0x0000000753200000, 0x0000000753200000|100%| O|  |TAMS 0x0000000753200000| PB 0x0000000753000000| Untracked |  0
| 143|0x0000000753200000, 0x0000000753400000, 0x0000000753400000|100%| O|  |TAMS 0x0000000753400000| PB 0x0000000753200000| Untracked |  0
| 144|0x0000000753400000, 0x0000000753600000, 0x0000000753600000|100%| O|  |TAMS 0x0000000753600000| PB 0x0000000753400000| Untracked |  0
| 145|0x0000000753600000, 0x0000000753800000, 0x0000000753800000|100%| O|  |TAMS 0x0000000753800000| PB 0x0000000753600000| Untracked |  0
| 146|0x0000000753800000, 0x0000000753a00000, 0x0000000753a00000|100%| O|  |TAMS 0x0000000753a00000| PB 0x0000000753800000| Untracked |  0
| 147|0x0000000753a00000, 0x0000000753c00000, 0x0000000753c00000|100%| O|  |TAMS 0x0000000753c00000| PB 0x0000000753a00000| Untracked |  0
| 148|0x0000000753c00000, 0x0000000753e00000, 0x0000000753e00000|100%| O|  |TAMS 0x0000000753e00000| PB 0x0000000753c00000| Untracked |  0
| 149|0x0000000753e00000, 0x0000000754000000, 0x0000000754000000|100%| O|  |TAMS 0x0000000754000000| PB 0x0000000753e00000| Untracked |  0
| 150|0x0000000754000000, 0x0000000754200000, 0x0000000754200000|100%| O|  |TAMS 0x0000000754200000| PB 0x0000000754000000| Untracked |  0
| 151|0x0000000754200000, 0x0000000754400000, 0x0000000754400000|100%| O|  |TAMS 0x0000000754400000| PB 0x0000000754200000| Untracked |  0
| 152|0x0000000754400000, 0x0000000754600000, 0x0000000754600000|100%| O|  |TAMS 0x0000000754600000| PB 0x0000000754400000| Untracked |  0
| 153|0x0000000754600000, 0x0000000754800000, 0x0000000754800000|100%| O|  |TAMS 0x0000000754800000| PB 0x0000000754600000| Untracked |  0
| 154|0x0000000754800000, 0x0000000754a00000, 0x0000000754a00000|100%| O|  |TAMS 0x0000000754a00000| PB 0x0000000754800000| Untracked |  0
| 155|0x0000000754a00000, 0x0000000754c00000, 0x0000000754c00000|100%| O|  |TAMS 0x0000000754c00000| PB 0x0000000754a00000| Untracked |  0
| 156|0x0000000754c00000, 0x0000000754e00000, 0x0000000754e00000|100%| O|  |TAMS 0x0000000754e00000| PB 0x0000000754c00000| Untracked |  0
| 157|0x0000000754e00000, 0x0000000755000000, 0x0000000755000000|100%| O|  |TAMS 0x0000000755000000| PB 0x0000000754e00000| Untracked |  0
| 158|0x0000000755000000, 0x0000000755200000, 0x0000000755200000|100%| O|  |TAMS 0x0000000755200000| PB 0x0000000755000000| Untracked |  0
| 159|0x0000000755200000, 0x0000000755400000, 0x0000000755400000|100%| O|  |TAMS 0x0000000755400000| PB 0x0000000755200000| Untracked |  0
| 160|0x0000000755400000, 0x0000000755600000, 0x0000000755600000|100%| O|  |TAMS 0x0000000755600000| PB 0x0000000755400000| Untracked |  0
| 161|0x0000000755600000, 0x0000000755800000, 0x0000000755800000|100%| O|  |TAMS 0x0000000755800000| PB 0x0000000755600000| Untracked |  0
| 162|0x0000000755800000, 0x0000000755a00000, 0x0000000755a00000|100%| O|  |TAMS 0x0000000755a00000| PB 0x0000000755800000| Untracked |  0
| 163|0x0000000755a00000, 0x0000000755c00000, 0x0000000755c00000|100%| O|  |TAMS 0x0000000755c00000| PB 0x0000000755a00000| Untracked |  0
| 164|0x0000000755c00000, 0x0000000755e00000, 0x0000000755e00000|100%| O|  |TAMS 0x0000000755e00000| PB 0x0000000755c00000| Untracked |  0
| 165|0x0000000755e00000, 0x0000000756000000, 0x0000000756000000|100%| O|  |TAMS 0x0000000756000000| PB 0x0000000755e00000| Untracked |  0
| 166|0x0000000756000000, 0x0000000756200000, 0x0000000756200000|100%| O|  |TAMS 0x0000000756200000| PB 0x0000000756000000| Untracked |  0
| 167|0x0000000756200000, 0x0000000756400000, 0x0000000756400000|100%| O|  |TAMS 0x0000000756400000| PB 0x0000000756200000| Untracked |  0
| 168|0x0000000756400000, 0x0000000756600000, 0x0000000756600000|100%| O|  |TAMS 0x0000000756600000| PB 0x0000000756400000| Untracked |  0
| 169|0x0000000756600000, 0x0000000756800000, 0x0000000756800000|100%| O|  |TAMS 0x0000000756800000| PB 0x0000000756600000| Untracked |  0
| 170|0x0000000756800000, 0x0000000756a00000, 0x0000000756a00000|100%| O|  |TAMS 0x0000000756a00000| PB 0x0000000756800000| Untracked |  0
| 171|0x0000000756a00000, 0x0000000756be1d20, 0x0000000756c00000| 94%| O|  |TAMS 0x0000000756be1d20| PB 0x0000000756a00000| Untracked |  0
| 172|0x0000000756c00000, 0x0000000756e00000, 0x0000000756e00000|100%| O|  |TAMS 0x0000000756e00000| PB 0x0000000756c00000| Untracked |  0
| 173|0x0000000756e00000, 0x0000000757000000, 0x0000000757000000|100%| O|  |TAMS 0x0000000757000000| PB 0x0000000756e00000| Untracked |  0
| 174|0x0000000757000000, 0x0000000757200000, 0x0000000757200000|100%| O|  |TAMS 0x0000000757200000| PB 0x0000000757000000| Untracked |  0
| 175|0x0000000757200000, 0x0000000757400000, 0x0000000757400000|100%| O|  |TAMS 0x0000000757400000| PB 0x0000000757200000| Untracked |  0
| 176|0x0000000757400000, 0x0000000757600000, 0x0000000757600000|100%| O|  |TAMS 0x0000000757600000| PB 0x0000000757400000| Untracked |  0
| 177|0x0000000757600000, 0x0000000757800000, 0x0000000757800000|100%| O|  |TAMS 0x0000000757800000| PB 0x0000000757600000| Untracked |  0
| 178|0x0000000757800000, 0x0000000757a00000, 0x0000000757a00000|100%| O|  |TAMS 0x0000000757a00000| PB 0x0000000757800000| Untracked |  0
| 179|0x0000000757a00000, 0x0000000757c00000, 0x0000000757c00000|100%| O|  |TAMS 0x0000000757c00000| PB 0x0000000757a00000| Untracked |  0
| 180|0x0000000757c00000, 0x0000000757e00000, 0x0000000757e00000|100%| O|  |TAMS 0x0000000757e00000| PB 0x0000000757c00000| Untracked |  0
| 181|0x0000000757e00000, 0x0000000758000000, 0x0000000758000000|100%| O|  |TAMS 0x0000000758000000| PB 0x0000000757e00000| Untracked |  0
| 182|0x0000000758000000, 0x0000000758200000, 0x0000000758200000|100%| O|  |TAMS 0x0000000758200000| PB 0x0000000758000000| Untracked |  0
| 183|0x0000000758200000, 0x0000000758400000, 0x0000000758400000|100%| O|  |TAMS 0x0000000758400000| PB 0x0000000758200000| Untracked |  0
| 184|0x0000000758400000, 0x0000000758600000, 0x0000000758600000|100%| O|  |TAMS 0x0000000758600000| PB 0x0000000758400000| Untracked |  0
| 185|0x0000000758600000, 0x0000000758800000, 0x0000000758800000|100%| O|  |TAMS 0x0000000758800000| PB 0x0000000758600000| Untracked |  0
| 186|0x0000000758800000, 0x0000000758a00000, 0x0000000758a00000|100%| O|  |TAMS 0x0000000758a00000| PB 0x0000000758800000| Untracked |  0
| 187|0x0000000758a00000, 0x0000000758c00000, 0x0000000758c00000|100%| O|  |TAMS 0x0000000758c00000| PB 0x0000000758a00000| Untracked |  0
| 188|0x0000000758c00000, 0x0000000758e00000, 0x0000000758e00000|100%| O|  |TAMS 0x0000000758e00000| PB 0x0000000758c00000| Untracked |  0
| 189|0x0000000758e00000, 0x0000000759000000, 0x0000000759000000|100%| O|  |TAMS 0x0000000759000000| PB 0x0000000758e00000| Untracked |  0
| 190|0x0000000759000000, 0x0000000759200000, 0x0000000759200000|100%| O|  |TAMS 0x0000000759200000| PB 0x0000000759000000| Untracked |  0
| 191|0x0000000759200000, 0x0000000759400000, 0x0000000759400000|100%| O|  |TAMS 0x0000000759400000| PB 0x0000000759200000| Untracked |  0
| 192|0x0000000759400000, 0x0000000759600000, 0x0000000759600000|100%| O|  |TAMS 0x0000000759600000| PB 0x0000000759400000| Untracked |  0
| 193|0x0000000759600000, 0x0000000759800000, 0x0000000759800000|100%| O|  |TAMS 0x0000000759800000| PB 0x0000000759600000| Untracked |  0
| 194|0x0000000759800000, 0x0000000759a00000, 0x0000000759a00000|100%| O|  |TAMS 0x0000000759a00000| PB 0x0000000759800000| Untracked |  0
| 195|0x0000000759a00000, 0x0000000759c00000, 0x0000000759c00000|100%| O|  |TAMS 0x0000000759c00000| PB 0x0000000759a00000| Untracked |  0
| 196|0x0000000759c00000, 0x0000000759e00000, 0x0000000759e00000|100%| O|  |TAMS 0x0000000759e00000| PB 0x0000000759c00000| Untracked |  0
| 197|0x0000000759e00000, 0x000000075a000000, 0x000000075a000000|100%| O|  |TAMS 0x000000075a000000| PB 0x0000000759e00000| Untracked |  0
| 198|0x000000075a000000, 0x000000075a200000, 0x000000075a200000|100%| O|  |TAMS 0x000000075a200000| PB 0x000000075a000000| Untracked |  0
| 199|0x000000075a200000, 0x000000075a400000, 0x000000075a400000|100%| O|  |TAMS 0x000000075a400000| PB 0x000000075a200000| Untracked |  0
| 200|0x000000075a400000, 0x000000075a600000, 0x000000075a600000|100%| O|  |TAMS 0x000000075a600000| PB 0x000000075a400000| Untracked |  0
| 201|0x000000075a600000, 0x000000075a800000, 0x000000075a800000|100%| O|  |TAMS 0x000000075a800000| PB 0x000000075a600000| Untracked |  0
| 202|0x000000075a800000, 0x000000075aa00000, 0x000000075aa00000|100%| O|  |TAMS 0x000000075aa00000| PB 0x000000075a800000| Untracked |  0
| 203|0x000000075aa00000, 0x000000075ac00000, 0x000000075ac00000|100%| O|  |TAMS 0x000000075ac00000| PB 0x000000075aa00000| Untracked |  0
| 204|0x000000075ac00000, 0x000000075ae00000, 0x000000075ae00000|100%| O|  |TAMS 0x000000075ae00000| PB 0x000000075ac00000| Untracked |  0
| 205|0x000000075ae00000, 0x000000075b000000, 0x000000075b000000|100%| O|  |TAMS 0x000000075b000000| PB 0x000000075ae00000| Untracked |  0
| 206|0x000000075b000000, 0x000000075b200000, 0x000000075b200000|100%| O|  |TAMS 0x000000075b200000| PB 0x000000075b000000| Untracked |  0
| 207|0x000000075b200000, 0x000000075b400000, 0x000000075b400000|100%| O|  |TAMS 0x000000075b400000| PB 0x000000075b200000| Untracked |  0
| 208|0x000000075b400000, 0x000000075b600000, 0x000000075b600000|100%| O|  |TAMS 0x000000075b600000| PB 0x000000075b400000| Untracked |  0
| 209|0x000000075b600000, 0x000000075b800000, 0x000000075b800000|100%| O|  |TAMS 0x000000075b800000| PB 0x000000075b600000| Untracked |  0
| 210|0x000000075b800000, 0x000000075ba00000, 0x000000075ba00000|100%| O|  |TAMS 0x000000075ba00000| PB 0x000000075b800000| Untracked |  0
| 211|0x000000075ba00000, 0x000000075bc00000, 0x000000075bc00000|100%| O|  |TAMS 0x000000075bc00000| PB 0x000000075ba00000| Untracked |  0
| 212|0x000000075bc00000, 0x000000075be00000, 0x000000075be00000|100%| O|  |TAMS 0x000000075be00000| PB 0x000000075bc00000| Untracked |  0
| 213|0x000000075be00000, 0x000000075c000000, 0x000000075c000000|100%| O|  |TAMS 0x000000075c000000| PB 0x000000075be00000| Untracked |  0
| 214|0x000000075c000000, 0x000000075c200000, 0x000000075c200000|100%| O|  |TAMS 0x000000075c200000| PB 0x000000075c000000| Untracked |  0
| 215|0x000000075c200000, 0x000000075c400000, 0x000000075c400000|100%| O|  |TAMS 0x000000075c400000| PB 0x000000075c200000| Untracked |  0
| 216|0x000000075c400000, 0x000000075c600000, 0x000000075c600000|100%| O|  |TAMS 0x000000075c600000| PB 0x000000075c400000| Untracked |  0
| 217|0x000000075c600000, 0x000000075c800000, 0x000000075c800000|100%| O|  |TAMS 0x000000075c800000| PB 0x000000075c600000| Untracked |  0
| 218|0x000000075c800000, 0x000000075ca00000, 0x000000075ca00000|100%| O|  |TAMS 0x000000075ca00000| PB 0x000000075c800000| Untracked |  0
| 219|0x000000075ca00000, 0x000000075cc00000, 0x000000075cc00000|100%| O|  |TAMS 0x000000075cc00000| PB 0x000000075ca00000| Untracked |  0
| 220|0x000000075cc00000, 0x000000075ce00000, 0x000000075ce00000|100%| O|  |TAMS 0x000000075ce00000| PB 0x000000075cc00000| Untracked |  0
| 221|0x000000075ce00000, 0x000000075d000000, 0x000000075d000000|100%| O|  |TAMS 0x000000075d000000| PB 0x000000075ce00000| Untracked |  0
| 222|0x000000075d000000, 0x000000075d200000, 0x000000075d200000|100%| O|  |TAMS 0x000000075d200000| PB 0x000000075d000000| Untracked |  0
| 223|0x000000075d200000, 0x000000075d400000, 0x000000075d400000|100%| O|  |TAMS 0x000000075d400000| PB 0x000000075d200000| Untracked |  0
| 224|0x000000075d400000, 0x000000075d600000, 0x000000075d600000|100%| O|  |TAMS 0x000000075d600000| PB 0x000000075d400000| Untracked |  0
| 225|0x000000075d600000, 0x000000075d800000, 0x000000075d800000|100%| O|  |TAMS 0x000000075d800000| PB 0x000000075d600000| Untracked |  0
| 226|0x000000075d800000, 0x000000075da00000, 0x000000075da00000|100%| O|  |TAMS 0x000000075da00000| PB 0x000000075d800000| Untracked |  0
| 227|0x000000075da00000, 0x000000075dc00000, 0x000000075dc00000|100%| O|  |TAMS 0x000000075dc00000| PB 0x000000075da00000| Untracked |  0
| 228|0x000000075dc00000, 0x000000075de00000, 0x000000075de00000|100%| O|  |TAMS 0x000000075de00000| PB 0x000000075dc00000| Untracked |  0
| 229|0x000000075de00000, 0x000000075e000000, 0x000000075e000000|100%| O|  |TAMS 0x000000075e000000| PB 0x000000075de00000| Untracked |  0
| 230|0x000000075e000000, 0x000000075e200000, 0x000000075e200000|100%| O|  |TAMS 0x000000075e200000| PB 0x000000075e000000| Untracked |  0
| 231|0x000000075e200000, 0x000000075e400000, 0x000000075e400000|100%| O|  |TAMS 0x000000075e400000| PB 0x000000075e200000| Untracked |  0
| 232|0x000000075e400000, 0x000000075e600000, 0x000000075e600000|100%| O|  |TAMS 0x000000075e600000| PB 0x000000075e400000| Untracked |  0
| 233|0x000000075e600000, 0x000000075e800000, 0x000000075e800000|100%| O|  |TAMS 0x000000075e800000| PB 0x000000075e600000| Untracked |  0
| 234|0x000000075e800000, 0x000000075ea00000, 0x000000075ea00000|100%| O|  |TAMS 0x000000075ea00000| PB 0x000000075e800000| Untracked |  0
| 235|0x000000075ea00000, 0x000000075ec00000, 0x000000075ec00000|100%| O|  |TAMS 0x000000075ec00000| PB 0x000000075ea00000| Untracked |  0
| 236|0x000000075ec00000, 0x000000075ee00000, 0x000000075ee00000|100%| O|  |TAMS 0x000000075ee00000| PB 0x000000075ec00000| Untracked |  0
| 237|0x000000075ee00000, 0x000000075f000000, 0x000000075f000000|100%| O|  |TAMS 0x000000075f000000| PB 0x000000075ee00000| Untracked |  0
| 238|0x000000075f000000, 0x000000075f200000, 0x000000075f200000|100%| O|  |TAMS 0x000000075f200000| PB 0x000000075f000000| Untracked |  0
| 239|0x000000075f200000, 0x000000075f400000, 0x000000075f400000|100%| O|  |TAMS 0x000000075f400000| PB 0x000000075f200000| Untracked |  0
| 240|0x000000075f400000, 0x000000075f600000, 0x000000075f600000|100%| O|  |TAMS 0x000000075f600000| PB 0x000000075f400000| Untracked |  0
| 241|0x000000075f600000, 0x000000075f800000, 0x000000075f800000|100%| O|  |TAMS 0x000000075f800000| PB 0x000000075f600000| Untracked |  0
| 242|0x000000075f800000, 0x000000075fa00000, 0x000000075fa00000|100%| O|  |TAMS 0x000000075fa00000| PB 0x000000075f800000| Untracked |  0
| 243|0x000000075fa00000, 0x000000075fc00000, 0x000000075fc00000|100%| O|  |TAMS 0x000000075fc00000| PB 0x000000075fa00000| Untracked |  0
| 244|0x000000075fc00000, 0x000000075fe00000, 0x000000075fe00000|100%| O|  |TAMS 0x000000075fe00000| PB 0x000000075fc00000| Untracked |  0
| 245|0x000000075fe00000, 0x0000000760000000, 0x0000000760000000|100%| O|  |TAMS 0x0000000760000000| PB 0x000000075fe00000| Untracked |  0
| 246|0x0000000760000000, 0x0000000760200000, 0x0000000760200000|100%| O|  |TAMS 0x0000000760200000| PB 0x0000000760000000| Untracked |  0
| 247|0x0000000760200000, 0x0000000760400000, 0x0000000760400000|100%| O|  |TAMS 0x0000000760400000| PB 0x0000000760200000| Untracked |  0
| 248|0x0000000760400000, 0x0000000760600000, 0x0000000760600000|100%| O|  |TAMS 0x0000000760600000| PB 0x0000000760400000| Untracked |  0
| 249|0x0000000760600000, 0x0000000760800000, 0x0000000760800000|100%| O|  |TAMS 0x0000000760800000| PB 0x0000000760600000| Untracked |  0
| 250|0x0000000760800000, 0x0000000760a00000, 0x0000000760a00000|100%| O|  |TAMS 0x0000000760a00000| PB 0x0000000760800000| Untracked |  0
| 251|0x0000000760a00000, 0x0000000760c00000, 0x0000000760c00000|100%| O|  |TAMS 0x0000000760c00000| PB 0x0000000760a00000| Untracked |  0
| 252|0x0000000760c00000, 0x0000000760e00000, 0x0000000760e00000|100%| O|  |TAMS 0x0000000760e00000| PB 0x0000000760c00000| Untracked |  0
| 253|0x0000000760e00000, 0x0000000761000000, 0x0000000761000000|100%| O|  |TAMS 0x0000000761000000| PB 0x0000000760e00000| Untracked |  0
| 254|0x0000000761000000, 0x0000000761200000, 0x0000000761200000|100%| O|  |TAMS 0x0000000761200000| PB 0x0000000761000000| Untracked |  0
| 255|0x0000000761200000, 0x0000000761400000, 0x0000000761400000|100%| O|  |TAMS 0x0000000761400000| PB 0x0000000761200000| Untracked |  0
| 256|0x0000000761400000, 0x0000000761600000, 0x0000000761600000|100%| O|  |TAMS 0x0000000761600000| PB 0x0000000761400000| Untracked |  0
| 257|0x0000000761600000, 0x0000000761800000, 0x0000000761800000|100%| O|  |TAMS 0x0000000761800000| PB 0x0000000761600000| Untracked |  0
| 258|0x0000000761800000, 0x0000000761a00000, 0x0000000761a00000|100%| O|  |TAMS 0x0000000761a00000| PB 0x0000000761800000| Untracked |  0
| 259|0x0000000761a00000, 0x0000000761c00000, 0x0000000761c00000|100%| O|  |TAMS 0x0000000761c00000| PB 0x0000000761a00000| Untracked |  0
| 260|0x0000000761c00000, 0x0000000761e00000, 0x0000000761e00000|100%| O|  |TAMS 0x0000000761e00000| PB 0x0000000761c00000| Untracked |  0
| 261|0x0000000761e00000, 0x0000000762000000, 0x0000000762000000|100%| O|  |TAMS 0x0000000762000000| PB 0x0000000761e00000| Untracked |  0
| 262|0x0000000762000000, 0x0000000762200000, 0x0000000762200000|100%| O|  |TAMS 0x0000000762200000| PB 0x0000000762000000| Untracked |  0
| 263|0x0000000762200000, 0x0000000762400000, 0x0000000762400000|100%| O|  |TAMS 0x0000000762400000| PB 0x0000000762200000| Untracked |  0
| 264|0x0000000762400000, 0x0000000762600000, 0x0000000762600000|100%| O|  |TAMS 0x0000000762600000| PB 0x0000000762400000| Untracked |  0
| 265|0x0000000762600000, 0x0000000762800000, 0x0000000762800000|100%| O|  |TAMS 0x0000000762800000| PB 0x0000000762600000| Untracked |  0
| 266|0x0000000762800000, 0x0000000762a00000, 0x0000000762a00000|100%| O|  |TAMS 0x0000000762a00000| PB 0x0000000762800000| Untracked |  0
| 267|0x0000000762a00000, 0x0000000762c00000, 0x0000000762c00000|100%| O|  |TAMS 0x0000000762c00000| PB 0x0000000762a00000| Untracked |  0
| 268|0x0000000762c00000, 0x0000000762e00000, 0x0000000762e00000|100%| O|  |TAMS 0x0000000762e00000| PB 0x0000000762c00000| Untracked |  0
| 269|0x0000000762e00000, 0x0000000763000000, 0x0000000763000000|100%| O|  |TAMS 0x0000000763000000| PB 0x0000000762e00000| Untracked |  0
| 270|0x0000000763000000, 0x0000000763200000, 0x0000000763200000|100%| O|  |TAMS 0x0000000763200000| PB 0x0000000763000000| Untracked |  0
| 271|0x0000000763200000, 0x0000000763400000, 0x0000000763400000|100%| O|  |TAMS 0x0000000763400000| PB 0x0000000763200000| Untracked |  0
| 272|0x0000000763400000, 0x0000000763600000, 0x0000000763600000|100%| O|  |TAMS 0x0000000763600000| PB 0x0000000763400000| Untracked |  0
| 273|0x0000000763600000, 0x0000000763800000, 0x0000000763800000|100%| O|  |TAMS 0x0000000763800000| PB 0x0000000763600000| Untracked |  0
| 274|0x0000000763800000, 0x0000000763a00000, 0x0000000763a00000|100%| O|  |TAMS 0x0000000763a00000| PB 0x0000000763800000| Untracked |  0
| 275|0x0000000763a00000, 0x0000000763c00000, 0x0000000763c00000|100%| O|  |TAMS 0x0000000763c00000| PB 0x0000000763a00000| Untracked |  0
| 276|0x0000000763c00000, 0x0000000763e00000, 0x0000000763e00000|100%| O|  |TAMS 0x0000000763e00000| PB 0x0000000763c00000| Untracked |  0
| 277|0x0000000763e00000, 0x0000000764000000, 0x0000000764000000|100%| O|  |TAMS 0x0000000764000000| PB 0x0000000763e00000| Untracked |  0
| 278|0x0000000764000000, 0x0000000764200000, 0x0000000764200000|100%| O|  |TAMS 0x0000000764200000| PB 0x0000000764000000| Untracked |  0
| 279|0x0000000764200000, 0x0000000764400000, 0x0000000764400000|100%| O|  |TAMS 0x0000000764400000| PB 0x0000000764200000| Untracked |  0
| 280|0x0000000764400000, 0x0000000764600000, 0x0000000764600000|100%| O|  |TAMS 0x0000000764600000| PB 0x0000000764400000| Untracked |  0
| 281|0x0000000764600000, 0x0000000764800000, 0x0000000764800000|100%| O|  |TAMS 0x0000000764800000| PB 0x0000000764600000| Untracked |  0
| 282|0x0000000764800000, 0x0000000764a00000, 0x0000000764a00000|100%| O|  |TAMS 0x0000000764a00000| PB 0x0000000764800000| Untracked |  0
| 283|0x0000000764a00000, 0x0000000764c00000, 0x0000000764c00000|100%| O|  |TAMS 0x0000000764c00000| PB 0x0000000764a00000| Untracked |  0
| 284|0x0000000764c00000, 0x0000000764e00000, 0x0000000764e00000|100%| O|  |TAMS 0x0000000764e00000| PB 0x0000000764c00000| Untracked |  0
| 285|0x0000000764e00000, 0x0000000765000000, 0x0000000765000000|100%| O|  |TAMS 0x0000000765000000| PB 0x0000000764e00000| Untracked |  0
| 286|0x0000000765000000, 0x0000000765200000, 0x0000000765200000|100%| O|  |TAMS 0x0000000765200000| PB 0x0000000765000000| Untracked |  0
| 287|0x0000000765200000, 0x0000000765400000, 0x0000000765400000|100%| O|  |TAMS 0x0000000765400000| PB 0x0000000765200000| Untracked |  0
| 288|0x0000000765400000, 0x0000000765600000, 0x0000000765600000|100%| O|  |TAMS 0x0000000765600000| PB 0x0000000765400000| Untracked |  0
| 289|0x0000000765600000, 0x0000000765800000, 0x0000000765800000|100%| O|  |TAMS 0x0000000765800000| PB 0x0000000765600000| Untracked |  0
| 290|0x0000000765800000, 0x0000000765a00000, 0x0000000765a00000|100%| O|  |TAMS 0x0000000765a00000| PB 0x0000000765800000| Untracked |  0
| 291|0x0000000765a00000, 0x0000000765c00000, 0x0000000765c00000|100%| O|  |TAMS 0x0000000765c00000| PB 0x0000000765a00000| Untracked |  0
| 292|0x0000000765c00000, 0x0000000765e00000, 0x0000000765e00000|100%| O|  |TAMS 0x0000000765e00000| PB 0x0000000765c00000| Untracked |  0
| 293|0x0000000765e00000, 0x0000000766000000, 0x0000000766000000|100%| O|  |TAMS 0x0000000766000000| PB 0x0000000765e00000| Untracked |  0
| 294|0x0000000766000000, 0x0000000766200000, 0x0000000766200000|100%| O|  |TAMS 0x0000000766200000| PB 0x0000000766000000| Untracked |  0
| 295|0x0000000766200000, 0x0000000766400000, 0x0000000766400000|100%| O|  |TAMS 0x0000000766400000| PB 0x0000000766200000| Untracked |  0
| 296|0x0000000766400000, 0x0000000766600000, 0x0000000766600000|100%| O|  |TAMS 0x0000000766600000| PB 0x0000000766400000| Untracked |  0
| 297|0x0000000766600000, 0x0000000766800000, 0x0000000766800000|100%| O|  |TAMS 0x0000000766800000| PB 0x0000000766600000| Untracked |  0
| 298|0x0000000766800000, 0x0000000766a00000, 0x0000000766a00000|100%| O|  |TAMS 0x0000000766a00000| PB 0x0000000766800000| Untracked |  0
| 299|0x0000000766a00000, 0x0000000766c00000, 0x0000000766c00000|100%| O|  |TAMS 0x0000000766c00000| PB 0x0000000766a00000| Untracked |  0
| 300|0x0000000766c00000, 0x0000000766e00000, 0x0000000766e00000|100%| O|  |TAMS 0x0000000766e00000| PB 0x0000000766c00000| Untracked |  0
| 301|0x0000000766e00000, 0x0000000767000000, 0x0000000767000000|100%| O|  |TAMS 0x0000000767000000| PB 0x0000000766e00000| Untracked |  0
| 302|0x0000000767000000, 0x0000000767200000, 0x0000000767200000|100%| O|  |TAMS 0x0000000767200000| PB 0x0000000767000000| Untracked |  0
| 303|0x0000000767200000, 0x0000000767400000, 0x0000000767400000|100%| O|  |TAMS 0x0000000767400000| PB 0x0000000767200000| Untracked |  0
| 304|0x0000000767400000, 0x0000000767600000, 0x0000000767600000|100%| O|  |TAMS 0x0000000767600000| PB 0x0000000767400000| Untracked |  0
| 305|0x0000000767600000, 0x0000000767800000, 0x0000000767800000|100%| O|  |TAMS 0x0000000767800000| PB 0x0000000767600000| Untracked |  0
| 306|0x0000000767800000, 0x0000000767a00000, 0x0000000767a00000|100%| O|  |TAMS 0x0000000767a00000| PB 0x0000000767800000| Untracked |  0
| 307|0x0000000767a00000, 0x0000000767c00000, 0x0000000767c00000|100%| O|  |TAMS 0x0000000767c00000| PB 0x0000000767a00000| Untracked |  0
| 308|0x0000000767c00000, 0x0000000767e00000, 0x0000000767e00000|100%| O|  |TAMS 0x0000000767e00000| PB 0x0000000767c00000| Untracked |  0
| 309|0x0000000767e00000, 0x0000000768000000, 0x0000000768000000|100%| O|  |TAMS 0x0000000768000000| PB 0x0000000767e00000| Untracked |  0
| 310|0x0000000768000000, 0x0000000768200000, 0x0000000768200000|100%| O|  |TAMS 0x0000000768200000| PB 0x0000000768000000| Untracked |  0
| 311|0x0000000768200000, 0x0000000768400000, 0x0000000768400000|100%| O|  |TAMS 0x0000000768400000| PB 0x0000000768200000| Untracked |  0
| 312|0x0000000768400000, 0x0000000768600000, 0x0000000768600000|100%| O|  |TAMS 0x0000000768600000| PB 0x0000000768400000| Untracked |  0
| 313|0x0000000768600000, 0x0000000768800000, 0x0000000768800000|100%| O|  |TAMS 0x0000000768800000| PB 0x0000000768600000| Untracked |  0
| 314|0x0000000768800000, 0x0000000768a00000, 0x0000000768a00000|100%| O|  |TAMS 0x0000000768a00000| PB 0x0000000768800000| Untracked |  0
| 315|0x0000000768a00000, 0x0000000768c00000, 0x0000000768c00000|100%| O|  |TAMS 0x0000000768c00000| PB 0x0000000768a00000| Untracked |  0
| 316|0x0000000768c00000, 0x0000000768e00000, 0x0000000768e00000|100%| O|  |TAMS 0x0000000768e00000| PB 0x0000000768c00000| Untracked |  0
| 317|0x0000000768e00000, 0x0000000769000000, 0x0000000769000000|100%| O|  |TAMS 0x0000000769000000| PB 0x0000000768e00000| Untracked |  0
| 318|0x0000000769000000, 0x0000000769200000, 0x0000000769200000|100%| O|  |TAMS 0x0000000769200000| PB 0x0000000769000000| Untracked |  0
| 319|0x0000000769200000, 0x0000000769400000, 0x0000000769400000|100%| O|  |TAMS 0x0000000769400000| PB 0x0000000769200000| Untracked |  0
| 320|0x0000000769400000, 0x0000000769600000, 0x0000000769600000|100%| O|  |TAMS 0x0000000769600000| PB 0x0000000769400000| Untracked |  0
| 321|0x0000000769600000, 0x0000000769800000, 0x0000000769800000|100%| O|  |TAMS 0x0000000769800000| PB 0x0000000769600000| Untracked |  0
| 322|0x0000000769800000, 0x0000000769a00000, 0x0000000769a00000|100%| O|  |TAMS 0x0000000769a00000| PB 0x0000000769800000| Untracked |  0
| 323|0x0000000769a00000, 0x0000000769c00000, 0x0000000769c00000|100%| O|  |TAMS 0x0000000769c00000| PB 0x0000000769a00000| Untracked |  0
| 324|0x0000000769c00000, 0x0000000769e00000, 0x0000000769e00000|100%| O|  |TAMS 0x0000000769e00000| PB 0x0000000769c00000| Untracked |  0
| 325|0x0000000769e00000, 0x000000076a000000, 0x000000076a000000|100%| O|  |TAMS 0x000000076a000000| PB 0x0000000769e00000| Untracked |  0
| 326|0x000000076a000000, 0x000000076a200000, 0x000000076a200000|100%| O|  |TAMS 0x000000076a200000| PB 0x000000076a000000| Untracked |  0
| 327|0x000000076a200000, 0x000000076a400000, 0x000000076a400000|100%| O|  |TAMS 0x000000076a400000| PB 0x000000076a200000| Untracked |  0
| 328|0x000000076a400000, 0x000000076a600000, 0x000000076a600000|100%| O|  |TAMS 0x000000076a600000| PB 0x000000076a400000| Untracked |  0
| 329|0x000000076a600000, 0x000000076a800000, 0x000000076a800000|100%| O|  |TAMS 0x000000076a800000| PB 0x000000076a600000| Untracked |  0
| 330|0x000000076a800000, 0x000000076aa00000, 0x000000076aa00000|100%| O|  |TAMS 0x000000076aa00000| PB 0x000000076a800000| Untracked |  0
| 331|0x000000076aa00000, 0x000000076ac00000, 0x000000076ac00000|100%| O|  |TAMS 0x000000076ac00000| PB 0x000000076aa00000| Untracked |  0
| 332|0x000000076ac00000, 0x000000076ae00000, 0x000000076ae00000|100%| O|  |TAMS 0x000000076ae00000| PB 0x000000076ac00000| Untracked |  0
| 333|0x000000076ae00000, 0x000000076b000000, 0x000000076b000000|100%| O|  |TAMS 0x000000076b000000| PB 0x000000076ae00000| Untracked |  0
| 334|0x000000076b000000, 0x000000076b200000, 0x000000076b200000|100%| O|  |TAMS 0x000000076b200000| PB 0x000000076b000000| Untracked |  0
| 335|0x000000076b200000, 0x000000076b400000, 0x000000076b400000|100%| O|  |TAMS 0x000000076b400000| PB 0x000000076b200000| Untracked |  0
| 336|0x000000076b400000, 0x000000076b600000, 0x000000076b600000|100%| O|  |TAMS 0x000000076b600000| PB 0x000000076b400000| Untracked |  0
| 337|0x000000076b600000, 0x000000076b800000, 0x000000076b800000|100%| O|  |TAMS 0x000000076b800000| PB 0x000000076b600000| Untracked |  0
| 338|0x000000076b800000, 0x000000076ba00000, 0x000000076ba00000|100%| O|  |TAMS 0x000000076ba00000| PB 0x000000076b800000| Untracked |  0
| 339|0x000000076ba00000, 0x000000076bc00000, 0x000000076bc00000|100%| O|  |TAMS 0x000000076bc00000| PB 0x000000076ba00000| Untracked |  0
| 340|0x000000076bc00000, 0x000000076be00000, 0x000000076be00000|100%| O|  |TAMS 0x000000076be00000| PB 0x000000076bc00000| Untracked |  0
| 341|0x000000076be00000, 0x000000076c000000, 0x000000076c000000|100%| O|  |TAMS 0x000000076c000000| PB 0x000000076be00000| Untracked |  0
| 342|0x000000076c000000, 0x000000076c200000, 0x000000076c200000|100%| O|  |TAMS 0x000000076c200000| PB 0x000000076c000000| Untracked |  0
| 343|0x000000076c200000, 0x000000076c400000, 0x000000076c400000|100%| O|  |TAMS 0x000000076c400000| PB 0x000000076c200000| Untracked |  0
| 344|0x000000076c400000, 0x000000076c600000, 0x000000076c600000|100%| O|  |TAMS 0x000000076c600000| PB 0x000000076c400000| Untracked |  0
| 345|0x000000076c600000, 0x000000076c800000, 0x000000076c800000|100%| O|  |TAMS 0x000000076c800000| PB 0x000000076c600000| Untracked |  0
| 346|0x000000076c800000, 0x000000076ca00000, 0x000000076ca00000|100%| O|  |TAMS 0x000000076ca00000| PB 0x000000076c800000| Untracked |  0
| 347|0x000000076ca00000, 0x000000076cc00000, 0x000000076cc00000|100%| O|  |TAMS 0x000000076cc00000| PB 0x000000076ca00000| Untracked |  0
| 348|0x000000076cc00000, 0x000000076ce00000, 0x000000076ce00000|100%| O|  |TAMS 0x000000076ce00000| PB 0x000000076cc00000| Untracked |  0
| 349|0x000000076ce00000, 0x000000076d000000, 0x000000076d000000|100%| O|  |TAMS 0x000000076d000000| PB 0x000000076ce00000| Untracked |  0
| 350|0x000000076d000000, 0x000000076d200000, 0x000000076d200000|100%| O|  |TAMS 0x000000076d200000| PB 0x000000076d000000| Untracked |  0
| 351|0x000000076d200000, 0x000000076d400000, 0x000000076d400000|100%| O|  |TAMS 0x000000076d400000| PB 0x000000076d200000| Untracked |  0
| 352|0x000000076d400000, 0x000000076d600000, 0x000000076d600000|100%| O|  |TAMS 0x000000076d600000| PB 0x000000076d400000| Untracked |  0
| 353|0x000000076d600000, 0x000000076d800000, 0x000000076d800000|100%| O|  |TAMS 0x000000076d800000| PB 0x000000076d600000| Untracked |  0
| 354|0x000000076d800000, 0x000000076da00000, 0x000000076da00000|100%| O|  |TAMS 0x000000076da00000| PB 0x000000076d800000| Untracked |  0
| 355|0x000000076da00000, 0x000000076dc00000, 0x000000076dc00000|100%| O|  |TAMS 0x000000076dc00000| PB 0x000000076da00000| Untracked |  0
| 356|0x000000076dc00000, 0x000000076de00000, 0x000000076de00000|100%| O|  |TAMS 0x000000076de00000| PB 0x000000076dc00000| Untracked |  0
| 357|0x000000076de00000, 0x000000076e000000, 0x000000076e000000|100%| O|  |TAMS 0x000000076e000000| PB 0x000000076de00000| Untracked |  0
| 358|0x000000076e000000, 0x000000076e200000, 0x000000076e200000|100%| O|  |TAMS 0x000000076e200000| PB 0x000000076e000000| Untracked |  0
| 359|0x000000076e200000, 0x000000076e400000, 0x000000076e400000|100%| O|  |TAMS 0x000000076e400000| PB 0x000000076e200000| Untracked |  0
| 360|0x000000076e400000, 0x000000076e600000, 0x000000076e600000|100%| O|  |TAMS 0x000000076e600000| PB 0x000000076e400000| Untracked |  0
| 361|0x000000076e600000, 0x000000076e800000, 0x000000076e800000|100%| O|  |TAMS 0x000000076e800000| PB 0x000000076e600000| Untracked |  0
| 362|0x000000076e800000, 0x000000076ea00000, 0x000000076ea00000|100%| O|  |TAMS 0x000000076ea00000| PB 0x000000076e800000| Untracked |  0
| 363|0x000000076ea00000, 0x000000076ec00000, 0x000000076ec00000|100%| O|  |TAMS 0x000000076ec00000| PB 0x000000076ea00000| Untracked |  0
| 364|0x000000076ec00000, 0x000000076ee00000, 0x000000076ee00000|100%| O|  |TAMS 0x000000076ee00000| PB 0x000000076ec00000| Untracked |  0
| 365|0x000000076ee00000, 0x000000076f000000, 0x000000076f000000|100%| O|  |TAMS 0x000000076f000000| PB 0x000000076ee00000| Untracked |  0
| 366|0x000000076f000000, 0x000000076f200000, 0x000000076f200000|100%| O|  |TAMS 0x000000076f200000| PB 0x000000076f000000| Untracked |  0
| 367|0x000000076f200000, 0x000000076f400000, 0x000000076f400000|100%| O|  |TAMS 0x000000076f400000| PB 0x000000076f200000| Untracked |  0
| 368|0x000000076f400000, 0x000000076f600000, 0x000000076f600000|100%| O|  |TAMS 0x000000076f600000| PB 0x000000076f400000| Untracked |  0
| 369|0x000000076f600000, 0x000000076f800000, 0x000000076f800000|100%| O|  |TAMS 0x000000076f800000| PB 0x000000076f600000| Untracked |  0
| 370|0x000000076f800000, 0x000000076fa00000, 0x000000076fa00000|100%| O|  |TAMS 0x000000076fa00000| PB 0x000000076f800000| Untracked |  0
| 371|0x000000076fa00000, 0x000000076fc00000, 0x000000076fc00000|100%| O|  |TAMS 0x000000076fc00000| PB 0x000000076fa00000| Untracked |  0
| 372|0x000000076fc00000, 0x000000076fe00000, 0x000000076fe00000|100%| O|  |TAMS 0x000000076fe00000| PB 0x000000076fc00000| Untracked |  0
| 373|0x000000076fe00000, 0x0000000770000000, 0x0000000770000000|100%| O|  |TAMS 0x0000000770000000| PB 0x000000076fe00000| Untracked |  0
| 374|0x0000000770000000, 0x0000000770200000, 0x0000000770200000|100%| O|  |TAMS 0x0000000770200000| PB 0x0000000770000000| Untracked |  0
| 375|0x0000000770200000, 0x0000000770400000, 0x0000000770400000|100%| O|  |TAMS 0x0000000770400000| PB 0x0000000770200000| Untracked |  0
| 376|0x0000000770400000, 0x0000000770600000, 0x0000000770600000|100%| O|  |TAMS 0x0000000770600000| PB 0x0000000770400000| Untracked |  0
| 377|0x0000000770600000, 0x0000000770800000, 0x0000000770800000|100%| O|  |TAMS 0x0000000770800000| PB 0x0000000770600000| Untracked |  0
| 378|0x0000000770800000, 0x0000000770a00000, 0x0000000770a00000|100%| O|  |TAMS 0x0000000770a00000| PB 0x0000000770800000| Untracked |  0
| 379|0x0000000770a00000, 0x0000000770c00000, 0x0000000770c00000|100%| O|  |TAMS 0x0000000770c00000| PB 0x0000000770a00000| Untracked |  0
| 380|0x0000000770c00000, 0x0000000770e00000, 0x0000000770e00000|100%| O|  |TAMS 0x0000000770e00000| PB 0x0000000770c00000| Untracked |  0
| 381|0x0000000770e00000, 0x0000000771000000, 0x0000000771000000|100%| O|  |TAMS 0x0000000771000000| PB 0x0000000770e00000| Untracked |  0
| 382|0x0000000771000000, 0x0000000771200000, 0x0000000771200000|100%| O|  |TAMS 0x0000000771200000| PB 0x0000000771000000| Untracked |  0
| 383|0x0000000771200000, 0x0000000771400000, 0x0000000771400000|100%| O|  |TAMS 0x0000000771400000| PB 0x0000000771200000| Untracked |  0
| 384|0x0000000771400000, 0x0000000771600000, 0x0000000771600000|100%| O|  |TAMS 0x0000000771600000| PB 0x0000000771400000| Untracked |  0
| 385|0x0000000771600000, 0x0000000771800000, 0x0000000771800000|100%| O|  |TAMS 0x0000000771800000| PB 0x0000000771600000| Untracked |  0
| 386|0x0000000771800000, 0x0000000771a00000, 0x0000000771a00000|100%| O|  |TAMS 0x0000000771a00000| PB 0x0000000771800000| Untracked |  0
| 387|0x0000000771a00000, 0x0000000771c00000, 0x0000000771c00000|100%| O|  |TAMS 0x0000000771c00000| PB 0x0000000771a00000| Untracked |  0
| 388|0x0000000771c00000, 0x0000000771e00000, 0x0000000771e00000|100%| O|  |TAMS 0x0000000771e00000| PB 0x0000000771c00000| Untracked |  0
| 389|0x0000000771e00000, 0x0000000772000000, 0x0000000772000000|100%| O|  |TAMS 0x0000000772000000| PB 0x0000000771e00000| Untracked |  0
| 390|0x0000000772000000, 0x0000000772200000, 0x0000000772200000|100%| O|  |TAMS 0x0000000772200000| PB 0x0000000772000000| Untracked |  0
| 391|0x0000000772200000, 0x0000000772400000, 0x0000000772400000|100%| O|  |TAMS 0x0000000772400000| PB 0x0000000772200000| Untracked |  0
| 392|0x0000000772400000, 0x0000000772600000, 0x0000000772600000|100%| O|  |TAMS 0x0000000772600000| PB 0x0000000772400000| Untracked |  0
| 393|0x0000000772600000, 0x0000000772800000, 0x0000000772800000|100%| O|  |TAMS 0x0000000772800000| PB 0x0000000772600000| Untracked |  0
| 394|0x0000000772800000, 0x0000000772a00000, 0x0000000772a00000|100%| O|  |TAMS 0x0000000772a00000| PB 0x0000000772800000| Untracked |  0
| 395|0x0000000772a00000, 0x0000000772c00000, 0x0000000772c00000|100%| O|  |TAMS 0x0000000772c00000| PB 0x0000000772a00000| Untracked |  0
| 396|0x0000000772c00000, 0x0000000772e00000, 0x0000000772e00000|100%| O|  |TAMS 0x0000000772e00000| PB 0x0000000772c00000| Untracked |  0
| 397|0x0000000772e00000, 0x0000000773000000, 0x0000000773000000|100%| O|  |TAMS 0x0000000773000000| PB 0x0000000772e00000| Untracked |  0
| 398|0x0000000773000000, 0x0000000773200000, 0x0000000773200000|100%| O|  |TAMS 0x0000000773200000| PB 0x0000000773000000| Untracked |  0
| 399|0x0000000773200000, 0x0000000773400000, 0x0000000773400000|100%| O|  |TAMS 0x0000000773400000| PB 0x0000000773200000| Untracked |  0
| 400|0x0000000773400000, 0x0000000773600000, 0x0000000773600000|100%| O|  |TAMS 0x0000000773600000| PB 0x0000000773400000| Untracked |  0
| 401|0x0000000773600000, 0x0000000773800000, 0x0000000773800000|100%| O|  |TAMS 0x0000000773800000| PB 0x0000000773600000| Untracked |  0
| 402|0x0000000773800000, 0x0000000773a00000, 0x0000000773a00000|100%| O|  |TAMS 0x0000000773a00000| PB 0x0000000773800000| Untracked |  0
| 403|0x0000000773a00000, 0x0000000773c00000, 0x0000000773c00000|100%| O|  |TAMS 0x0000000773c00000| PB 0x0000000773a00000| Untracked |  0
| 404|0x0000000773c00000, 0x0000000773e00000, 0x0000000773e00000|100%| O|  |TAMS 0x0000000773e00000| PB 0x0000000773c00000| Untracked |  0
| 405|0x0000000773e00000, 0x0000000774000000, 0x0000000774000000|100%| O|  |TAMS 0x0000000774000000| PB 0x0000000773e00000| Untracked |  0
| 406|0x0000000774000000, 0x0000000774200000, 0x0000000774200000|100%| O|  |TAMS 0x0000000774200000| PB 0x0000000774000000| Untracked |  0
| 407|0x0000000774200000, 0x0000000774400000, 0x0000000774400000|100%| O|  |TAMS 0x0000000774400000| PB 0x0000000774200000| Untracked |  0
| 408|0x0000000774400000, 0x0000000774600000, 0x0000000774600000|100%| O|  |TAMS 0x0000000774600000| PB 0x0000000774400000| Untracked |  0
| 409|0x0000000774600000, 0x0000000774800000, 0x0000000774800000|100%| O|  |TAMS 0x0000000774800000| PB 0x0000000774600000| Untracked |  0
| 410|0x0000000774800000, 0x0000000774a00000, 0x0000000774a00000|100%| O|  |TAMS 0x0000000774a00000| PB 0x0000000774800000| Untracked |  0
| 411|0x0000000774a00000, 0x0000000774c00000, 0x0000000774c00000|100%| O|  |TAMS 0x0000000774c00000| PB 0x0000000774a00000| Untracked |  0
| 412|0x0000000774c00000, 0x0000000774e00000, 0x0000000774e00000|100%| O|  |TAMS 0x0000000774e00000| PB 0x0000000774c00000| Untracked |  0
| 413|0x0000000774e00000, 0x0000000775000000, 0x0000000775000000|100%| O|  |TAMS 0x0000000775000000| PB 0x0000000774e00000| Untracked |  0
| 414|0x0000000775000000, 0x0000000775200000, 0x0000000775200000|100%| O|  |TAMS 0x0000000775200000| PB 0x0000000775000000| Untracked |  0
| 415|0x0000000775200000, 0x0000000775400000, 0x0000000775400000|100%| O|  |TAMS 0x0000000775400000| PB 0x0000000775200000| Untracked |  0
| 416|0x0000000775400000, 0x0000000775600000, 0x0000000775600000|100%| O|  |TAMS 0x0000000775600000| PB 0x0000000775400000| Untracked |  0
| 417|0x0000000775600000, 0x0000000775800000, 0x0000000775800000|100%| O|  |TAMS 0x0000000775800000| PB 0x0000000775600000| Untracked |  0
| 418|0x0000000775800000, 0x0000000775a00000, 0x0000000775a00000|100%| O|  |TAMS 0x0000000775a00000| PB 0x0000000775800000| Untracked |  0
| 419|0x0000000775a00000, 0x0000000775c00000, 0x0000000775c00000|100%| O|  |TAMS 0x0000000775c00000| PB 0x0000000775a00000| Untracked |  0
| 420|0x0000000775c00000, 0x0000000775e00000, 0x0000000775e00000|100%| O|  |TAMS 0x0000000775e00000| PB 0x0000000775c00000| Untracked |  0
| 421|0x0000000775e00000, 0x0000000776000000, 0x0000000776000000|100%| O|  |TAMS 0x0000000776000000| PB 0x0000000775e00000| Untracked |  0
| 422|0x0000000776000000, 0x0000000776200000, 0x0000000776200000|100%| O|  |TAMS 0x0000000776200000| PB 0x0000000776000000| Untracked |  0
| 423|0x0000000776200000, 0x0000000776400000, 0x0000000776400000|100%| O|  |TAMS 0x0000000776400000| PB 0x0000000776200000| Untracked |  0
| 424|0x0000000776400000, 0x0000000776600000, 0x0000000776600000|100%| O|  |TAMS 0x0000000776600000| PB 0x0000000776400000| Untracked |  0
| 425|0x0000000776600000, 0x0000000776800000, 0x0000000776800000|100%| O|  |TAMS 0x0000000776800000| PB 0x0000000776600000| Untracked |  0
| 426|0x0000000776800000, 0x0000000776a00000, 0x0000000776a00000|100%| O|  |TAMS 0x0000000776a00000| PB 0x0000000776800000| Untracked |  0
| 427|0x0000000776a00000, 0x0000000776c00000, 0x0000000776c00000|100%| O|  |TAMS 0x0000000776c00000| PB 0x0000000776a00000| Untracked |  0
| 428|0x0000000776c00000, 0x0000000776e00000, 0x0000000776e00000|100%| O|  |TAMS 0x0000000776e00000| PB 0x0000000776c00000| Untracked |  0
| 429|0x0000000776e00000, 0x0000000777000000, 0x0000000777000000|100%| O|  |TAMS 0x0000000777000000| PB 0x0000000776e00000| Untracked |  0
| 430|0x0000000777000000, 0x0000000777200000, 0x0000000777200000|100%| O|  |TAMS 0x0000000777200000| PB 0x0000000777000000| Untracked |  0
| 431|0x0000000777200000, 0x0000000777400000, 0x0000000777400000|100%| O|  |TAMS 0x0000000777400000| PB 0x0000000777200000| Untracked |  0
| 432|0x0000000777400000, 0x0000000777600000, 0x0000000777600000|100%| O|  |TAMS 0x0000000777600000| PB 0x0000000777400000| Untracked |  0
| 433|0x0000000777600000, 0x0000000777800000, 0x0000000777800000|100%| O|  |TAMS 0x0000000777800000| PB 0x0000000777600000| Untracked |  0
| 434|0x0000000777800000, 0x0000000777a00000, 0x0000000777a00000|100%| O|  |TAMS 0x0000000777a00000| PB 0x0000000777800000| Untracked |  0
| 435|0x0000000777a00000, 0x0000000777c00000, 0x0000000777c00000|100%| O|  |TAMS 0x0000000777c00000| PB 0x0000000777a00000| Untracked |  0
| 436|0x0000000777c00000, 0x0000000777e00000, 0x0000000777e00000|100%| O|  |TAMS 0x0000000777e00000| PB 0x0000000777c00000| Untracked |  0
| 437|0x0000000777e00000, 0x0000000778000000, 0x0000000778000000|100%| O|  |TAMS 0x0000000778000000| PB 0x0000000777e00000| Untracked |  0
| 438|0x0000000778000000, 0x0000000778200000, 0x0000000778200000|100%| O|  |TAMS 0x0000000778100000| PB 0x0000000778000000| Untracked |  0
| 439|0x0000000778200000, 0x0000000778400000, 0x0000000778400000|100%| O|  |TAMS 0x0000000778200000| PB 0x0000000778200000| Untracked |  0
| 440|0x0000000778400000, 0x0000000778600000, 0x0000000778600000|100%| O|  |TAMS 0x0000000778400000| PB 0x0000000778400000| Untracked |  0
| 441|0x0000000778600000, 0x0000000778800000, 0x0000000778800000|100%| O|  |TAMS 0x0000000778600000| PB 0x0000000778600000| Untracked |  0
| 442|0x0000000778800000, 0x0000000778a00000, 0x0000000778a00000|100%| O|  |TAMS 0x0000000778800000| PB 0x0000000778800000| Untracked |  0
| 443|0x0000000778a00000, 0x0000000778c00000, 0x0000000778c00000|100%| O|  |TAMS 0x0000000778a00000| PB 0x0000000778a00000| Untracked |  0
| 444|0x0000000778c00000, 0x0000000778e00000, 0x0000000778e00000|100%| O|  |TAMS 0x0000000778c00000| PB 0x0000000778c00000| Untracked |  0
| 445|0x0000000778e00000, 0x0000000779000000, 0x0000000779000000|100%| O|  |TAMS 0x0000000778e00000| PB 0x0000000778e00000| Untracked |  0
| 446|0x0000000779000000, 0x0000000779200000, 0x0000000779200000|100%| O|  |TAMS 0x0000000779000000| PB 0x0000000779000000| Untracked |  0
| 447|0x0000000779200000, 0x0000000779400000, 0x0000000779400000|100%| O|  |TAMS 0x0000000779200000| PB 0x0000000779200000| Untracked |  0
| 448|0x0000000779400000, 0x0000000779600000, 0x0000000779600000|100%| O|  |TAMS 0x0000000779400000| PB 0x0000000779400000| Untracked |  0
| 449|0x0000000779600000, 0x0000000779800000, 0x0000000779800000|100%| O|  |TAMS 0x0000000779600000| PB 0x0000000779600000| Untracked |  0
| 450|0x0000000779800000, 0x0000000779a00000, 0x0000000779a00000|100%| O|  |TAMS 0x0000000779800000| PB 0x0000000779800000| Untracked |  0
| 451|0x0000000779a00000, 0x0000000779c00000, 0x0000000779c00000|100%| O|  |TAMS 0x0000000779a00000| PB 0x0000000779a00000| Untracked |  0
| 452|0x0000000779c00000, 0x0000000779e00000, 0x0000000779e00000|100%| O|  |TAMS 0x0000000779c00000| PB 0x0000000779c00000| Untracked |  0
| 453|0x0000000779e00000, 0x000000077a000000, 0x000000077a000000|100%| O|  |TAMS 0x0000000779e00000| PB 0x0000000779e00000| Untracked |  0
| 454|0x000000077a000000, 0x000000077a200000, 0x000000077a200000|100%| O|  |TAMS 0x000000077a000000| PB 0x000000077a000000| Untracked |  0
| 455|0x000000077a200000, 0x000000077a400000, 0x000000077a400000|100%| O|  |TAMS 0x000000077a200000| PB 0x000000077a200000| Untracked |  0
| 456|0x000000077a400000, 0x000000077a600000, 0x000000077a600000|100%| O|  |TAMS 0x000000077a400000| PB 0x000000077a400000| Untracked |  0
| 457|0x000000077a600000, 0x000000077a800000, 0x000000077a800000|100%| O|  |TAMS 0x000000077a600000| PB 0x000000077a600000| Untracked |  0
| 458|0x000000077a800000, 0x000000077aa00000, 0x000000077aa00000|100%| O|  |TAMS 0x000000077a800000| PB 0x000000077a800000| Untracked |  0
| 459|0x000000077aa00000, 0x000000077ac00000, 0x000000077ac00000|100%| O|  |TAMS 0x000000077aa00000| PB 0x000000077aa00000| Untracked |  0
| 460|0x000000077ac00000, 0x000000077ae00000, 0x000000077ae00000|100%| O|  |TAMS 0x000000077ac00000| PB 0x000000077ac00000| Untracked |  0
| 461|0x000000077ae00000, 0x000000077b000000, 0x000000077b000000|100%| O|  |TAMS 0x000000077ae00000| PB 0x000000077ae00000| Untracked |  0
| 462|0x000000077b000000, 0x000000077b200000, 0x000000077b200000|100%| O|  |TAMS 0x000000077b000000| PB 0x000000077b000000| Untracked |  0
| 463|0x000000077b200000, 0x000000077b400000, 0x000000077b400000|100%| O|  |TAMS 0x000000077b200000| PB 0x000000077b200000| Untracked |  0
| 464|0x000000077b400000, 0x000000077b600000, 0x000000077b600000|100%| O|  |TAMS 0x000000077b400000| PB 0x000000077b400000| Untracked |  0
| 465|0x000000077b600000, 0x000000077b800000, 0x000000077b800000|100%| O|  |TAMS 0x000000077b600000| PB 0x000000077b600000| Untracked |  0
| 466|0x000000077b800000, 0x000000077ba00000, 0x000000077ba00000|100%| O|  |TAMS 0x000000077b800000| PB 0x000000077b800000| Untracked |  0
| 467|0x000000077ba00000, 0x000000077bc00000, 0x000000077bc00000|100%| O|  |TAMS 0x000000077ba00000| PB 0x000000077ba00000| Untracked |  0
| 468|0x000000077bc00000, 0x000000077be00000, 0x000000077be00000|100%| O|  |TAMS 0x000000077bc00000| PB 0x000000077bc00000| Untracked |  0
| 469|0x000000077be00000, 0x000000077c000000, 0x000000077c000000|100%| O|  |TAMS 0x000000077be00000| PB 0x000000077be00000| Untracked |  0
| 470|0x000000077c000000, 0x000000077c200000, 0x000000077c200000|100%| O|  |TAMS 0x000000077c000000| PB 0x000000077c000000| Untracked |  0
| 471|0x000000077c200000, 0x000000077c400000, 0x000000077c400000|100%| O|  |TAMS 0x000000077c200000| PB 0x000000077c200000| Untracked |  0
| 472|0x000000077c400000, 0x000000077c600000, 0x000000077c600000|100%| O|  |TAMS 0x000000077c400000| PB 0x000000077c400000| Untracked |  0
| 473|0x000000077c600000, 0x000000077c800000, 0x000000077c800000|100%| O|  |TAMS 0x000000077c600000| PB 0x000000077c600000| Untracked |  0
| 474|0x000000077c800000, 0x000000077ca00000, 0x000000077ca00000|100%| O|  |TAMS 0x000000077c800000| PB 0x000000077c800000| Untracked |  0
| 475|0x000000077ca00000, 0x000000077cc00000, 0x000000077cc00000|100%| O|  |TAMS 0x000000077ca00000| PB 0x000000077ca00000| Untracked |  0
| 476|0x000000077cc00000, 0x000000077ce00000, 0x000000077ce00000|100%| O|  |TAMS 0x000000077cc00000| PB 0x000000077cc00000| Untracked |  0
| 477|0x000000077ce00000, 0x000000077d000000, 0x000000077d000000|100%| O|  |TAMS 0x000000077ce00000| PB 0x000000077ce00000| Untracked |  0
| 478|0x000000077d000000, 0x000000077d200000, 0x000000077d200000|100%| O|  |TAMS 0x000000077d000000| PB 0x000000077d000000| Untracked |  0
| 479|0x000000077d200000, 0x000000077d400000, 0x000000077d400000|100%| O|  |TAMS 0x000000077d200000| PB 0x000000077d200000| Untracked |  0
| 480|0x000000077d400000, 0x000000077d600000, 0x000000077d600000|100%| O|  |TAMS 0x000000077d400000| PB 0x000000077d400000| Untracked |  0
| 481|0x000000077d600000, 0x000000077d800000, 0x000000077d800000|100%| O|  |TAMS 0x000000077d600000| PB 0x000000077d600000| Untracked |  0
| 482|0x000000077d800000, 0x000000077da00000, 0x000000077da00000|100%| O|  |TAMS 0x000000077d800000| PB 0x000000077d800000| Untracked |  0
| 483|0x000000077da00000, 0x000000077dc00000, 0x000000077dc00000|100%| O|  |TAMS 0x000000077da00000| PB 0x000000077da00000| Untracked |  0
| 484|0x000000077dc00000, 0x000000077de00000, 0x000000077de00000|100%| O|  |TAMS 0x000000077dc00000| PB 0x000000077dc00000| Untracked |  0
| 485|0x000000077de00000, 0x000000077e000000, 0x000000077e000000|100%| O|  |TAMS 0x000000077de00000| PB 0x000000077de00000| Untracked |  0
| 486|0x000000077e000000, 0x000000077e200000, 0x000000077e200000|100%| O|  |TAMS 0x000000077e000000| PB 0x000000077e000000| Untracked |  0
| 487|0x000000077e200000, 0x000000077e400000, 0x000000077e400000|100%| O|  |TAMS 0x000000077e200000| PB 0x000000077e200000| Untracked |  0
| 488|0x000000077e400000, 0x000000077e600000, 0x000000077e600000|100%| O|  |TAMS 0x000000077e400000| PB 0x000000077e400000| Untracked |  0
| 489|0x000000077e600000, 0x000000077e800000, 0x000000077e800000|100%| O|  |TAMS 0x000000077e600000| PB 0x000000077e600000| Untracked |  0
| 490|0x000000077e800000, 0x000000077ea00000, 0x000000077ea00000|100%| O|  |TAMS 0x000000077e800000| PB 0x000000077e800000| Untracked |  0
| 491|0x000000077ea00000, 0x000000077ec00000, 0x000000077ec00000|100%| O|  |TAMS 0x000000077ea00000| PB 0x000000077ea00000| Untracked |  0
| 492|0x000000077ec00000, 0x000000077ee00000, 0x000000077ee00000|100%| O|  |TAMS 0x000000077ec00000| PB 0x000000077ec00000| Untracked |  0
| 493|0x000000077ee00000, 0x000000077f000000, 0x000000077f000000|100%| O|  |TAMS 0x000000077ee00000| PB 0x000000077ee00000| Untracked |  0
| 494|0x000000077f000000, 0x000000077f200000, 0x000000077f200000|100%| O|  |TAMS 0x000000077f000000| PB 0x000000077f000000| Untracked |  0
| 495|0x000000077f200000, 0x000000077f400000, 0x000000077f400000|100%| O|  |TAMS 0x000000077f200000| PB 0x000000077f200000| Untracked |  0
| 496|0x000000077f400000, 0x000000077f600000, 0x000000077f600000|100%| O|  |TAMS 0x000000077f400000| PB 0x000000077f400000| Untracked |  0
| 497|0x000000077f600000, 0x000000077f800000, 0x000000077f800000|100%| O|  |TAMS 0x000000077f600000| PB 0x000000077f600000| Untracked |  0
| 498|0x000000077f800000, 0x000000077fa00000, 0x000000077fa00000|100%| O|  |TAMS 0x000000077f800000| PB 0x000000077f800000| Untracked |  0
| 499|0x000000077fa00000, 0x000000077fc00000, 0x000000077fc00000|100%| O|  |TAMS 0x000000077fa00000| PB 0x000000077fa00000| Untracked |  0
| 500|0x000000077fc00000, 0x000000077fe00000, 0x000000077fe00000|100%| O|  |TAMS 0x000000077fc00000| PB 0x000000077fc00000| Untracked |  0
| 501|0x000000077fe00000, 0x0000000780000000, 0x0000000780000000|100%| O|  |TAMS 0x000000077fe00000| PB 0x000000077fe00000| Untracked |  0
| 502|0x0000000780000000, 0x0000000780200000, 0x0000000780200000|100%| O|  |TAMS 0x0000000780000000| PB 0x0000000780000000| Untracked |  0
| 503|0x0000000780200000, 0x0000000780400000, 0x0000000780400000|100%| O|  |TAMS 0x0000000780200000| PB 0x0000000780200000| Untracked |  0
| 504|0x0000000780400000, 0x0000000780600000, 0x0000000780600000|100%| O|  |TAMS 0x0000000780400000| PB 0x0000000780400000| Untracked |  0
| 505|0x0000000780600000, 0x0000000780800000, 0x0000000780800000|100%| O|  |TAMS 0x0000000780600000| PB 0x0000000780600000| Untracked |  0
| 506|0x0000000780800000, 0x0000000780a00000, 0x0000000780a00000|100%| O|  |TAMS 0x0000000780800000| PB 0x0000000780800000| Untracked |  0
| 507|0x0000000780a00000, 0x0000000780c00000, 0x0000000780c00000|100%| O|  |TAMS 0x0000000780a00000| PB 0x0000000780a00000| Untracked |  0
| 508|0x0000000780c00000, 0x0000000780e00000, 0x0000000780e00000|100%| O|  |TAMS 0x0000000780c00000| PB 0x0000000780c00000| Untracked |  0
| 509|0x0000000780e00000, 0x0000000781000000, 0x0000000781000000|100%| O|  |TAMS 0x0000000780e00000| PB 0x0000000780e00000| Untracked |  0
| 510|0x0000000781000000, 0x0000000781200000, 0x0000000781200000|100%| O|  |TAMS 0x0000000781000000| PB 0x0000000781000000| Untracked |  0
| 511|0x0000000781200000, 0x0000000781400000, 0x0000000781400000|100%| O|  |TAMS 0x0000000781200000| PB 0x0000000781200000| Untracked |  0
| 512|0x0000000781400000, 0x0000000781600000, 0x0000000781600000|100%| O|  |TAMS 0x0000000781400000| PB 0x0000000781400000| Untracked |  0
| 513|0x0000000781600000, 0x0000000781800000, 0x0000000781800000|100%| O|  |TAMS 0x0000000781600000| PB 0x0000000781600000| Untracked |  0
| 514|0x0000000781800000, 0x0000000781a00000, 0x0000000781a00000|100%| O|  |TAMS 0x0000000781800000| PB 0x0000000781800000| Untracked |  0
| 515|0x0000000781a00000, 0x0000000781c00000, 0x0000000781c00000|100%| O|  |TAMS 0x0000000781a00000| PB 0x0000000781a00000| Untracked |  0
| 516|0x0000000781c00000, 0x0000000781e00000, 0x0000000781e00000|100%| O|  |TAMS 0x0000000781c00000| PB 0x0000000781c00000| Untracked |  0
| 517|0x0000000781e00000, 0x0000000782000000, 0x0000000782000000|100%| O|  |TAMS 0x0000000781e00000| PB 0x0000000781e00000| Untracked |  0
| 518|0x0000000782000000, 0x0000000782200000, 0x0000000782200000|100%| O|  |TAMS 0x0000000782000000| PB 0x0000000782000000| Untracked |  0
| 519|0x0000000782200000, 0x0000000782400000, 0x0000000782400000|100%| O|  |TAMS 0x0000000782200000| PB 0x0000000782200000| Untracked |  0
| 520|0x0000000782400000, 0x0000000782600000, 0x0000000782600000|100%| O|  |TAMS 0x0000000782400000| PB 0x0000000782400000| Untracked |  0
| 521|0x0000000782600000, 0x0000000782800000, 0x0000000782800000|100%| O|  |TAMS 0x0000000782600000| PB 0x0000000782600000| Untracked |  0
| 522|0x0000000782800000, 0x0000000782a00000, 0x0000000782a00000|100%| O|  |TAMS 0x0000000782800000| PB 0x0000000782800000| Untracked |  0
| 523|0x0000000782a00000, 0x0000000782c00000, 0x0000000782c00000|100%| O|  |TAMS 0x0000000782a00000| PB 0x0000000782a00000| Untracked |  0
| 524|0x0000000782c00000, 0x0000000782e00000, 0x0000000782e00000|100%| O|  |TAMS 0x0000000782c00000| PB 0x0000000782c00000| Untracked |  0
| 525|0x0000000782e00000, 0x0000000783000000, 0x0000000783000000|100%| O|  |TAMS 0x0000000782e00000| PB 0x0000000782e00000| Untracked |  0
| 526|0x0000000783000000, 0x0000000783200000, 0x0000000783200000|100%| O|  |TAMS 0x0000000783000000| PB 0x0000000783000000| Untracked |  0
| 527|0x0000000783200000, 0x0000000783400000, 0x0000000783400000|100%| O|  |TAMS 0x0000000783200000| PB 0x0000000783200000| Untracked |  0
| 528|0x0000000783400000, 0x0000000783600000, 0x0000000783600000|100%| O|  |TAMS 0x0000000783400000| PB 0x0000000783400000| Untracked |  0
| 529|0x0000000783600000, 0x0000000783800000, 0x0000000783800000|100%| O|  |TAMS 0x0000000783600000| PB 0x0000000783600000| Untracked |  0
| 530|0x0000000783800000, 0x0000000783a00000, 0x0000000783a00000|100%| O|  |TAMS 0x0000000783800000| PB 0x0000000783800000| Untracked |  0
| 531|0x0000000783a00000, 0x0000000783c00000, 0x0000000783c00000|100%| O|  |TAMS 0x0000000783a00000| PB 0x0000000783a00000| Untracked |  0
| 532|0x0000000783c00000, 0x0000000783e00000, 0x0000000783e00000|100%| O|  |TAMS 0x0000000783c00000| PB 0x0000000783c00000| Untracked |  0
| 533|0x0000000783e00000, 0x0000000784000000, 0x0000000784000000|100%| O|  |TAMS 0x0000000783e00000| PB 0x0000000783e00000| Untracked |  0
| 534|0x0000000784000000, 0x0000000784200000, 0x0000000784200000|100%| O|  |TAMS 0x0000000784000000| PB 0x0000000784000000| Untracked |  0
| 535|0x0000000784200000, 0x0000000784400000, 0x0000000784400000|100%| O|  |TAMS 0x0000000784200000| PB 0x0000000784200000| Untracked |  0
| 536|0x0000000784400000, 0x0000000784600000, 0x0000000784600000|100%| O|  |TAMS 0x0000000784400000| PB 0x0000000784400000| Untracked |  0
| 537|0x0000000784600000, 0x0000000784800000, 0x0000000784800000|100%| O|  |TAMS 0x0000000784600000| PB 0x0000000784600000| Untracked |  0
| 538|0x0000000784800000, 0x0000000784a00000, 0x0000000784a00000|100%| O|  |TAMS 0x0000000784800000| PB 0x0000000784800000| Untracked |  0
| 539|0x0000000784a00000, 0x0000000784c00000, 0x0000000784c00000|100%| O|  |TAMS 0x0000000784a00000| PB 0x0000000784a00000| Untracked |  0
| 540|0x0000000784c00000, 0x0000000784e00000, 0x0000000784e00000|100%| O|  |TAMS 0x0000000784c00000| PB 0x0000000784c00000| Untracked |  0
| 541|0x0000000784e00000, 0x0000000785000000, 0x0000000785000000|100%| O|  |TAMS 0x0000000784e00000| PB 0x0000000784e00000| Untracked |  0
| 542|0x0000000785000000, 0x0000000785200000, 0x0000000785200000|100%| O|  |TAMS 0x0000000785000000| PB 0x0000000785000000| Untracked |  0
| 543|0x0000000785200000, 0x0000000785400000, 0x0000000785400000|100%| O|  |TAMS 0x0000000785200000| PB 0x0000000785200000| Untracked |  0
| 544|0x0000000785400000, 0x0000000785600000, 0x0000000785600000|100%| O|  |TAMS 0x0000000785400000| PB 0x0000000785400000| Untracked |  0
| 545|0x0000000785600000, 0x0000000785800000, 0x0000000785800000|100%| O|  |TAMS 0x0000000785600000| PB 0x0000000785600000| Untracked |  0
| 546|0x0000000785800000, 0x0000000785a00000, 0x0000000785a00000|100%| O|  |TAMS 0x0000000785800000| PB 0x0000000785800000| Untracked |  0
| 547|0x0000000785a00000, 0x0000000785c00000, 0x0000000785c00000|100%| O|  |TAMS 0x0000000785a00000| PB 0x0000000785a00000| Untracked |  0
| 548|0x0000000785c00000, 0x0000000785e00000, 0x0000000785e00000|100%| O|  |TAMS 0x0000000785c00000| PB 0x0000000785c00000| Untracked |  0
| 549|0x0000000785e00000, 0x0000000786000000, 0x0000000786000000|100%| O|  |TAMS 0x0000000785e00000| PB 0x0000000785e00000| Untracked |  0
| 550|0x0000000786000000, 0x0000000786200000, 0x0000000786200000|100%| O|  |TAMS 0x0000000786000000| PB 0x0000000786000000| Untracked |  0
| 551|0x0000000786200000, 0x0000000786400000, 0x0000000786400000|100%| O|  |TAMS 0x0000000786200000| PB 0x0000000786200000| Untracked |  0
| 552|0x0000000786400000, 0x0000000786600000, 0x0000000786600000|100%| O|  |TAMS 0x0000000786400000| PB 0x0000000786400000| Untracked |  0
| 553|0x0000000786600000, 0x0000000786800000, 0x0000000786800000|100%| O|  |TAMS 0x0000000786600000| PB 0x0000000786600000| Untracked |  0
| 554|0x0000000786800000, 0x0000000786a00000, 0x0000000786a00000|100%| O|  |TAMS 0x0000000786800000| PB 0x0000000786800000| Untracked |  0
| 555|0x0000000786a00000, 0x0000000786c00000, 0x0000000786c00000|100%| O|  |TAMS 0x0000000786a00000| PB 0x0000000786a00000| Untracked |  0
| 556|0x0000000786c00000, 0x0000000786e00000, 0x0000000786e00000|100%| O|  |TAMS 0x0000000786c00000| PB 0x0000000786c00000| Untracked |  0
| 557|0x0000000786e00000, 0x0000000787000000, 0x0000000787000000|100%| O|  |TAMS 0x0000000786e00000| PB 0x0000000786e00000| Untracked |  0
| 558|0x0000000787000000, 0x0000000787200000, 0x0000000787200000|100%| O|  |TAMS 0x0000000787000000| PB 0x0000000787000000| Untracked |  0
| 559|0x0000000787200000, 0x0000000787400000, 0x0000000787400000|100%| O|  |TAMS 0x0000000787200000| PB 0x0000000787200000| Untracked |  0
| 560|0x0000000787400000, 0x0000000787600000, 0x0000000787600000|100%| O|  |TAMS 0x0000000787400000| PB 0x0000000787400000| Untracked |  0
| 561|0x0000000787600000, 0x0000000787800000, 0x0000000787800000|100%| O|  |TAMS 0x0000000787600000| PB 0x0000000787600000| Untracked |  0
| 562|0x0000000787800000, 0x0000000787800000, 0x0000000787a00000|  0%| F|  |TAMS 0x0000000787800000| PB 0x0000000787800000| Untracked |  0
| 563|0x0000000787a00000, 0x0000000787a00000, 0x0000000787c00000|  0%| F|  |TAMS 0x0000000787a00000| PB 0x0000000787a00000| Untracked |  0
| 564|0x0000000787c00000, 0x0000000787c00000, 0x0000000787e00000|  0%| F|  |TAMS 0x0000000787c00000| PB 0x0000000787c00000| Untracked |  0
| 565|0x0000000787e00000, 0x0000000787e00000, 0x0000000788000000|  0%| F|  |TAMS 0x0000000787e00000| PB 0x0000000787e00000| Untracked |  0
| 566|0x0000000788000000, 0x0000000788000000, 0x0000000788200000|  0%| F|  |TAMS 0x0000000788000000| PB 0x0000000788000000| Untracked |  0
| 567|0x0000000788200000, 0x0000000788200000, 0x0000000788400000|  0%| F|  |TAMS 0x0000000788200000| PB 0x0000000788200000| Untracked |  0
| 568|0x0000000788400000, 0x0000000788400000, 0x0000000788600000|  0%| F|  |TAMS 0x0000000788400000| PB 0x0000000788400000| Untracked |  0
| 569|0x0000000788600000, 0x0000000788600000, 0x0000000788800000|  0%| F|  |TAMS 0x0000000788600000| PB 0x0000000788600000| Untracked |  0
| 570|0x0000000788800000, 0x0000000788800000, 0x0000000788a00000|  0%| F|  |TAMS 0x0000000788800000| PB 0x0000000788800000| Untracked |  0
| 571|0x0000000788a00000, 0x0000000788a00000, 0x0000000788c00000|  0%| F|  |TAMS 0x0000000788a00000| PB 0x0000000788a00000| Untracked |  0
| 572|0x0000000788c00000, 0x0000000788c00000, 0x0000000788e00000|  0%| F|  |TAMS 0x0000000788c00000| PB 0x0000000788c00000| Untracked |  0
| 573|0x0000000788e00000, 0x0000000788e00000, 0x0000000789000000|  0%| F|  |TAMS 0x0000000788e00000| PB 0x0000000788e00000| Untracked |  0
| 574|0x0000000789000000, 0x0000000789000000, 0x0000000789200000|  0%| F|  |TAMS 0x0000000789000000| PB 0x0000000789000000| Untracked |  0
| 575|0x0000000789200000, 0x0000000789200000, 0x0000000789400000|  0%| F|  |TAMS 0x0000000789200000| PB 0x0000000789200000| Untracked |  0
| 576|0x0000000789400000, 0x0000000789400000, 0x0000000789600000|  0%| F|  |TAMS 0x0000000789400000| PB 0x0000000789400000| Untracked |  0
| 577|0x0000000789600000, 0x0000000789600000, 0x0000000789800000|  0%| F|  |TAMS 0x0000000789600000| PB 0x0000000789600000| Untracked |  0
| 578|0x0000000789800000, 0x0000000789800000, 0x0000000789a00000|  0%| F|  |TAMS 0x0000000789800000| PB 0x0000000789800000| Untracked |  0
| 579|0x0000000789a00000, 0x0000000789a00000, 0x0000000789c00000|  0%| F|  |TAMS 0x0000000789a00000| PB 0x0000000789a00000| Untracked |  0
| 580|0x0000000789c00000, 0x0000000789c00000, 0x0000000789e00000|  0%| F|  |TAMS 0x0000000789c00000| PB 0x0000000789c00000| Untracked |  0
| 581|0x0000000789e00000, 0x0000000789e00000, 0x000000078a000000|  0%| F|  |TAMS 0x0000000789e00000| PB 0x0000000789e00000| Untracked |  0
| 582|0x000000078a000000, 0x000000078a000000, 0x000000078a200000|  0%| F|  |TAMS 0x000000078a000000| PB 0x000000078a000000| Untracked |  0
| 583|0x000000078a200000, 0x000000078a200000, 0x000000078a400000|  0%| F|  |TAMS 0x000000078a200000| PB 0x000000078a200000| Untracked |  0
| 584|0x000000078a400000, 0x000000078a400000, 0x000000078a600000|  0%| F|  |TAMS 0x000000078a400000| PB 0x000000078a400000| Untracked |  0
| 585|0x000000078a600000, 0x000000078a600000, 0x000000078a800000|  0%| F|  |TAMS 0x000000078a600000| PB 0x000000078a600000| Untracked |  0
| 586|0x000000078a800000, 0x000000078a800000, 0x000000078aa00000|  0%| F|  |TAMS 0x000000078a800000| PB 0x000000078a800000| Untracked |  0
| 587|0x000000078aa00000, 0x000000078aa00000, 0x000000078ac00000|  0%| F|  |TAMS 0x000000078aa00000| PB 0x000000078aa00000| Untracked |  0
| 588|0x000000078ac00000, 0x000000078ac00000, 0x000000078ae00000|  0%| F|  |TAMS 0x000000078ac00000| PB 0x000000078ac00000| Untracked |  0
| 589|0x000000078ae00000, 0x000000078ae00000, 0x000000078b000000|  0%| F|  |TAMS 0x000000078ae00000| PB 0x000000078ae00000| Untracked |  0
| 590|0x000000078b000000, 0x000000078b000000, 0x000000078b200000|  0%| F|  |TAMS 0x000000078b000000| PB 0x000000078b000000| Untracked |  0
| 591|0x000000078b200000, 0x000000078b200000, 0x000000078b400000|  0%| F|  |TAMS 0x000000078b200000| PB 0x000000078b200000| Untracked |  0
| 592|0x000000078b400000, 0x000000078b400000, 0x000000078b600000|  0%| F|  |TAMS 0x000000078b400000| PB 0x000000078b400000| Untracked |  0
| 593|0x000000078b600000, 0x000000078b600000, 0x000000078b800000|  0%| F|  |TAMS 0x000000078b600000| PB 0x000000078b600000| Untracked |  0
| 594|0x000000078b800000, 0x000000078b800000, 0x000000078ba00000|  0%| F|  |TAMS 0x000000078b800000| PB 0x000000078b800000| Untracked |  0
| 595|0x000000078ba00000, 0x000000078ba00000, 0x000000078bc00000|  0%| F|  |TAMS 0x000000078ba00000| PB 0x000000078ba00000| Untracked |  0
| 596|0x000000078bc00000, 0x000000078bc00000, 0x000000078be00000|  0%| F|  |TAMS 0x000000078bc00000| PB 0x000000078bc00000| Untracked |  0
| 597|0x000000078be00000, 0x000000078be00000, 0x000000078c000000|  0%| F|  |TAMS 0x000000078be00000| PB 0x000000078be00000| Untracked |  0
| 598|0x000000078c000000, 0x000000078c000000, 0x000000078c200000|  0%| F|  |TAMS 0x000000078c000000| PB 0x000000078c000000| Untracked |  0
| 599|0x000000078c200000, 0x000000078c200000, 0x000000078c400000|  0%| F|  |TAMS 0x000000078c200000| PB 0x000000078c200000| Untracked |  0
| 600|0x000000078c400000, 0x000000078c400000, 0x000000078c600000|  0%| F|  |TAMS 0x000000078c400000| PB 0x000000078c400000| Untracked |  0
| 601|0x000000078c600000, 0x000000078c600000, 0x000000078c800000|  0%| F|  |TAMS 0x000000078c600000| PB 0x000000078c600000| Untracked |  0
| 602|0x000000078c800000, 0x000000078c800000, 0x000000078ca00000|  0%| F|  |TAMS 0x000000078c800000| PB 0x000000078c800000| Untracked |  0
| 603|0x000000078ca00000, 0x000000078ca00000, 0x000000078cc00000|  0%| F|  |TAMS 0x000000078ca00000| PB 0x000000078ca00000| Untracked |  0
| 604|0x000000078cc00000, 0x000000078cc00000, 0x000000078ce00000|  0%| F|  |TAMS 0x000000078cc00000| PB 0x000000078cc00000| Untracked |  0
| 605|0x000000078ce00000, 0x000000078ce00000, 0x000000078d000000|  0%| F|  |TAMS 0x000000078ce00000| PB 0x000000078ce00000| Untracked |  0
| 606|0x000000078d000000, 0x000000078d000000, 0x000000078d200000|  0%| F|  |TAMS 0x000000078d000000| PB 0x000000078d000000| Untracked |  0
| 607|0x000000078d200000, 0x000000078d200000, 0x000000078d400000|  0%| F|  |TAMS 0x000000078d200000| PB 0x000000078d200000| Untracked |  0
| 608|0x000000078d400000, 0x000000078d400000, 0x000000078d600000|  0%| F|  |TAMS 0x000000078d400000| PB 0x000000078d400000| Untracked |  0
| 609|0x000000078d600000, 0x000000078d600000, 0x000000078d800000|  0%| F|  |TAMS 0x000000078d600000| PB 0x000000078d600000| Untracked |  0
| 610|0x000000078d800000, 0x000000078d800000, 0x000000078da00000|  0%| F|  |TAMS 0x000000078d800000| PB 0x000000078d800000| Untracked |  0
| 611|0x000000078da00000, 0x000000078da00000, 0x000000078dc00000|  0%| F|  |TAMS 0x000000078da00000| PB 0x000000078da00000| Untracked |  0
| 612|0x000000078dc00000, 0x000000078dc00000, 0x000000078de00000|  0%| F|  |TAMS 0x000000078dc00000| PB 0x000000078dc00000| Untracked |  0
| 613|0x000000078de00000, 0x000000078de00000, 0x000000078e000000|  0%| F|  |TAMS 0x000000078de00000| PB 0x000000078de00000| Untracked |  0
| 614|0x000000078e000000, 0x000000078e000000, 0x000000078e200000|  0%| F|  |TAMS 0x000000078e000000| PB 0x000000078e000000| Untracked |  0
| 615|0x000000078e200000, 0x000000078e200000, 0x000000078e400000|  0%| F|  |TAMS 0x000000078e200000| PB 0x000000078e200000| Untracked |  0
| 616|0x000000078e400000, 0x000000078e400000, 0x000000078e600000|  0%| F|  |TAMS 0x000000078e400000| PB 0x000000078e400000| Untracked |  0
| 617|0x000000078e600000, 0x000000078e600000, 0x000000078e800000|  0%| F|  |TAMS 0x000000078e600000| PB 0x000000078e600000| Untracked |  0
| 618|0x000000078e800000, 0x000000078e800000, 0x000000078ea00000|  0%| F|  |TAMS 0x000000078e800000| PB 0x000000078e800000| Untracked |  0
| 619|0x000000078ea00000, 0x000000078ea00000, 0x000000078ec00000|  0%| F|  |TAMS 0x000000078ea00000| PB 0x000000078ea00000| Untracked |  0
| 620|0x000000078ec00000, 0x000000078ec00000, 0x000000078ee00000|  0%| F|  |TAMS 0x000000078ec00000| PB 0x000000078ec00000| Untracked |  0
| 621|0x000000078ee00000, 0x000000078ee00000, 0x000000078f000000|  0%| F|  |TAMS 0x000000078ee00000| PB 0x000000078ee00000| Untracked |  0
| 622|0x000000078f000000, 0x000000078f000000, 0x000000078f200000|  0%| F|  |TAMS 0x000000078f000000| PB 0x000000078f000000| Untracked |  0
| 623|0x000000078f200000, 0x000000078f200000, 0x000000078f400000|  0%| F|  |TAMS 0x000000078f200000| PB 0x000000078f200000| Untracked |  0
| 624|0x000000078f400000, 0x000000078f400000, 0x000000078f600000|  0%| F|  |TAMS 0x000000078f400000| PB 0x000000078f400000| Untracked |  0
| 625|0x000000078f600000, 0x000000078f600000, 0x000000078f800000|  0%| F|  |TAMS 0x000000078f600000| PB 0x000000078f600000| Untracked |  0
| 626|0x000000078f800000, 0x000000078f800000, 0x000000078fa00000|  0%| F|  |TAMS 0x000000078f800000| PB 0x000000078f800000| Untracked |  0
| 627|0x000000078fa00000, 0x000000078fa00000, 0x000000078fc00000|  0%| F|  |TAMS 0x000000078fa00000| PB 0x000000078fa00000| Untracked |  0
| 628|0x000000078fc00000, 0x000000078fc00000, 0x000000078fe00000|  0%| F|  |TAMS 0x000000078fc00000| PB 0x000000078fc00000| Untracked |  0
| 629|0x000000078fe00000, 0x000000078fe00000, 0x0000000790000000|  0%| F|  |TAMS 0x000000078fe00000| PB 0x000000078fe00000| Untracked |  0
| 630|0x0000000790000000, 0x0000000790000000, 0x0000000790200000|  0%| F|  |TAMS 0x0000000790000000| PB 0x0000000790000000| Untracked |  0
| 631|0x0000000790200000, 0x0000000790200000, 0x0000000790400000|  0%| F|  |TAMS 0x0000000790200000| PB 0x0000000790200000| Untracked |  0
| 632|0x0000000790400000, 0x0000000790400000, 0x0000000790600000|  0%| F|  |TAMS 0x0000000790400000| PB 0x0000000790400000| Untracked |  0
| 633|0x0000000790600000, 0x0000000790600000, 0x0000000790800000|  0%| F|  |TAMS 0x0000000790600000| PB 0x0000000790600000| Untracked |  0
| 634|0x0000000790800000, 0x0000000790800000, 0x0000000790a00000|  0%| F|  |TAMS 0x0000000790800000| PB 0x0000000790800000| Untracked |  0
| 635|0x0000000790a00000, 0x0000000790a00000, 0x0000000790c00000|  0%| F|  |TAMS 0x0000000790a00000| PB 0x0000000790a00000| Untracked |  0
| 636|0x0000000790c00000, 0x0000000790c00000, 0x0000000790e00000|  0%| F|  |TAMS 0x0000000790c00000| PB 0x0000000790c00000| Untracked |  0
| 637|0x0000000790e00000, 0x0000000790e00000, 0x0000000791000000|  0%| F|  |TAMS 0x0000000790e00000| PB 0x0000000790e00000| Untracked |  0
| 638|0x0000000791000000, 0x0000000791000000, 0x0000000791200000|  0%| F|  |TAMS 0x0000000791000000| PB 0x0000000791000000| Untracked |  0
| 639|0x0000000791200000, 0x0000000791200000, 0x0000000791400000|  0%| F|  |TAMS 0x0000000791200000| PB 0x0000000791200000| Untracked |  0
| 640|0x0000000791400000, 0x0000000791400000, 0x0000000791600000|  0%| F|  |TAMS 0x0000000791400000| PB 0x0000000791400000| Untracked |  0
| 641|0x0000000791600000, 0x0000000791600000, 0x0000000791800000|  0%| F|  |TAMS 0x0000000791600000| PB 0x0000000791600000| Untracked |  0
| 642|0x0000000791800000, 0x0000000791800000, 0x0000000791a00000|  0%| F|  |TAMS 0x0000000791800000| PB 0x0000000791800000| Untracked |  0
| 643|0x0000000791a00000, 0x0000000791a00000, 0x0000000791c00000|  0%| F|  |TAMS 0x0000000791a00000| PB 0x0000000791a00000| Untracked |  0
| 644|0x0000000791c00000, 0x0000000791c00000, 0x0000000791e00000|  0%| F|  |TAMS 0x0000000791c00000| PB 0x0000000791c00000| Untracked |  0
| 645|0x0000000791e00000, 0x0000000791e00000, 0x0000000792000000|  0%| F|  |TAMS 0x0000000791e00000| PB 0x0000000791e00000| Untracked |  0
| 646|0x0000000792000000, 0x0000000792000000, 0x0000000792200000|  0%| F|  |TAMS 0x0000000792000000| PB 0x0000000792000000| Untracked |  0
| 647|0x0000000792200000, 0x0000000792200000, 0x0000000792400000|  0%| F|  |TAMS 0x0000000792200000| PB 0x0000000792200000| Untracked |  0
| 648|0x0000000792400000, 0x0000000792400000, 0x0000000792600000|  0%| F|  |TAMS 0x0000000792400000| PB 0x0000000792400000| Untracked |  0
| 649|0x0000000792600000, 0x0000000792600000, 0x0000000792800000|  0%| F|  |TAMS 0x0000000792600000| PB 0x0000000792600000| Untracked |  0
| 650|0x0000000792800000, 0x0000000792800000, 0x0000000792a00000|  0%| F|  |TAMS 0x0000000792800000| PB 0x0000000792800000| Untracked |  0
| 651|0x0000000792a00000, 0x0000000792a00000, 0x0000000792c00000|  0%| F|  |TAMS 0x0000000792a00000| PB 0x0000000792a00000| Untracked |  0
| 652|0x0000000792c00000, 0x0000000792c00000, 0x0000000792e00000|  0%| F|  |TAMS 0x0000000792c00000| PB 0x0000000792c00000| Untracked |  0
| 653|0x0000000792e00000, 0x0000000792e00000, 0x0000000793000000|  0%| F|  |TAMS 0x0000000792e00000| PB 0x0000000792e00000| Untracked |  0
| 654|0x0000000793000000, 0x0000000793000000, 0x0000000793200000|  0%| F|  |TAMS 0x0000000793000000| PB 0x0000000793000000| Untracked |  0
| 655|0x0000000793200000, 0x0000000793200000, 0x0000000793400000|  0%| F|  |TAMS 0x0000000793200000| PB 0x0000000793200000| Untracked |  0
| 656|0x0000000793400000, 0x0000000793400000, 0x0000000793600000|  0%| F|  |TAMS 0x0000000793400000| PB 0x0000000793400000| Untracked |  0
| 657|0x0000000793600000, 0x0000000793600000, 0x0000000793800000|  0%| F|  |TAMS 0x0000000793600000| PB 0x0000000793600000| Untracked |  0
| 658|0x0000000793800000, 0x0000000793800000, 0x0000000793a00000|  0%| F|  |TAMS 0x0000000793800000| PB 0x0000000793800000| Untracked |  0
| 659|0x0000000793a00000, 0x0000000793a00000, 0x0000000793c00000|  0%| F|  |TAMS 0x0000000793a00000| PB 0x0000000793a00000| Untracked |  0
| 660|0x0000000793c00000, 0x0000000793c00000, 0x0000000793e00000|  0%| F|  |TAMS 0x0000000793c00000| PB 0x0000000793c00000| Untracked |  0
| 661|0x0000000793e00000, 0x0000000793e00000, 0x0000000794000000|  0%| F|  |TAMS 0x0000000793e00000| PB 0x0000000793e00000| Untracked |  0
| 662|0x0000000794000000, 0x0000000794000000, 0x0000000794200000|  0%| F|  |TAMS 0x0000000794000000| PB 0x0000000794000000| Untracked |  0
| 663|0x0000000794200000, 0x0000000794200000, 0x0000000794400000|  0%| F|  |TAMS 0x0000000794200000| PB 0x0000000794200000| Untracked |  0
| 664|0x0000000794400000, 0x0000000794400000, 0x0000000794600000|  0%| F|  |TAMS 0x0000000794400000| PB 0x0000000794400000| Untracked |  0
| 665|0x0000000794600000, 0x0000000794600000, 0x0000000794800000|  0%| F|  |TAMS 0x0000000794600000| PB 0x0000000794600000| Untracked |  0
| 666|0x0000000794800000, 0x0000000794800000, 0x0000000794a00000|  0%| F|  |TAMS 0x0000000794800000| PB 0x0000000794800000| Untracked |  0
| 667|0x0000000794a00000, 0x0000000794a00000, 0x0000000794c00000|  0%| F|  |TAMS 0x0000000794a00000| PB 0x0000000794a00000| Untracked |  0
| 668|0x0000000794c00000, 0x0000000794c00000, 0x0000000794e00000|  0%| F|  |TAMS 0x0000000794c00000| PB 0x0000000794c00000| Untracked |  0
| 669|0x0000000794e00000, 0x0000000794e00000, 0x0000000795000000|  0%| F|  |TAMS 0x0000000794e00000| PB 0x0000000794e00000| Untracked |  0
| 670|0x0000000795000000, 0x0000000795000000, 0x0000000795200000|  0%| F|  |TAMS 0x0000000795000000| PB 0x0000000795000000| Untracked |  0
| 671|0x0000000795200000, 0x0000000795200000, 0x0000000795400000|  0%| F|  |TAMS 0x0000000795200000| PB 0x0000000795200000| Untracked |  0
| 672|0x0000000795400000, 0x0000000795400000, 0x0000000795600000|  0%| F|  |TAMS 0x0000000795400000| PB 0x0000000795400000| Untracked |  0
| 673|0x0000000795600000, 0x0000000795600000, 0x0000000795800000|  0%| F|  |TAMS 0x0000000795600000| PB 0x0000000795600000| Untracked |  0
| 674|0x0000000795800000, 0x0000000795800000, 0x0000000795a00000|  0%| F|  |TAMS 0x0000000795800000| PB 0x0000000795800000| Untracked |  0
| 675|0x0000000795a00000, 0x0000000795a00000, 0x0000000795c00000|  0%| F|  |TAMS 0x0000000795a00000| PB 0x0000000795a00000| Untracked |  0
| 676|0x0000000795c00000, 0x0000000795c00000, 0x0000000795e00000|  0%| F|  |TAMS 0x0000000795c00000| PB 0x0000000795c00000| Untracked |  0
| 677|0x0000000795e00000, 0x0000000795e00000, 0x0000000796000000|  0%| F|  |TAMS 0x0000000795e00000| PB 0x0000000795e00000| Untracked |  0
| 678|0x0000000796000000, 0x0000000796000000, 0x0000000796200000|  0%| F|  |TAMS 0x0000000796000000| PB 0x0000000796000000| Untracked |  0
| 679|0x0000000796200000, 0x0000000796200000, 0x0000000796400000|  0%| F|  |TAMS 0x0000000796200000| PB 0x0000000796200000| Untracked |  0
| 680|0x0000000796400000, 0x0000000796400000, 0x0000000796600000|  0%| F|  |TAMS 0x0000000796400000| PB 0x0000000796400000| Untracked |  0
| 681|0x0000000796600000, 0x0000000796600000, 0x0000000796800000|  0%| F|  |TAMS 0x0000000796600000| PB 0x0000000796600000| Untracked |  0
| 682|0x0000000796800000, 0x0000000796800000, 0x0000000796a00000|  0%| F|  |TAMS 0x0000000796800000| PB 0x0000000796800000| Untracked |  0
| 683|0x0000000796a00000, 0x0000000796a00000, 0x0000000796c00000|  0%| F|  |TAMS 0x0000000796a00000| PB 0x0000000796a00000| Untracked |  0
| 684|0x0000000796c00000, 0x0000000796c00000, 0x0000000796e00000|  0%| F|  |TAMS 0x0000000796c00000| PB 0x0000000796c00000| Untracked |  0
| 685|0x0000000796e00000, 0x0000000796e00000, 0x0000000797000000|  0%| F|  |TAMS 0x0000000796e00000| PB 0x0000000796e00000| Untracked |  0
| 686|0x0000000797000000, 0x0000000797000000, 0x0000000797200000|  0%| F|  |TAMS 0x0000000797000000| PB 0x0000000797000000| Untracked |  0
| 687|0x0000000797200000, 0x0000000797200000, 0x0000000797400000|  0%| F|  |TAMS 0x0000000797200000| PB 0x0000000797200000| Untracked |  0
| 688|0x0000000797400000, 0x0000000797400000, 0x0000000797600000|  0%| F|  |TAMS 0x0000000797400000| PB 0x0000000797400000| Untracked |  0
| 689|0x0000000797600000, 0x0000000797600000, 0x0000000797800000|  0%| F|  |TAMS 0x0000000797600000| PB 0x0000000797600000| Untracked |  0
| 690|0x0000000797800000, 0x0000000797800000, 0x0000000797a00000|  0%| F|  |TAMS 0x0000000797800000| PB 0x0000000797800000| Untracked |  0
| 691|0x0000000797a00000, 0x0000000797a00000, 0x0000000797c00000|  0%| F|  |TAMS 0x0000000797a00000| PB 0x0000000797a00000| Untracked |  0
| 692|0x0000000797c00000, 0x0000000797c00000, 0x0000000797e00000|  0%| F|  |TAMS 0x0000000797c00000| PB 0x0000000797c00000| Untracked |  0
| 693|0x0000000797e00000, 0x0000000797e00000, 0x0000000798000000|  0%| F|  |TAMS 0x0000000797e00000| PB 0x0000000797e00000| Untracked |  0
| 694|0x0000000798000000, 0x0000000798000000, 0x0000000798200000|  0%| F|  |TAMS 0x0000000798000000| PB 0x0000000798000000| Untracked |  0
| 695|0x0000000798200000, 0x0000000798200000, 0x0000000798400000|  0%| F|  |TAMS 0x0000000798200000| PB 0x0000000798200000| Untracked |  0
| 696|0x0000000798400000, 0x0000000798400000, 0x0000000798600000|  0%| F|  |TAMS 0x0000000798400000| PB 0x0000000798400000| Untracked |  0
| 697|0x0000000798600000, 0x0000000798600000, 0x0000000798800000|  0%| F|  |TAMS 0x0000000798600000| PB 0x0000000798600000| Untracked |  0
| 698|0x0000000798800000, 0x0000000798800000, 0x0000000798a00000|  0%| F|  |TAMS 0x0000000798800000| PB 0x0000000798800000| Untracked |  0
| 699|0x0000000798a00000, 0x0000000798a00000, 0x0000000798c00000|  0%| F|  |TAMS 0x0000000798a00000| PB 0x0000000798a00000| Untracked |  0
| 700|0x0000000798c00000, 0x0000000798c00000, 0x0000000798e00000|  0%| F|  |TAMS 0x0000000798c00000| PB 0x0000000798c00000| Untracked |  0
| 701|0x0000000798e00000, 0x0000000798e00000, 0x0000000799000000|  0%| F|  |TAMS 0x0000000798e00000| PB 0x0000000798e00000| Untracked |  0
| 702|0x0000000799000000, 0x0000000799000000, 0x0000000799200000|  0%| F|  |TAMS 0x0000000799000000| PB 0x0000000799000000| Untracked |  0
| 703|0x0000000799200000, 0x0000000799200000, 0x0000000799400000|  0%| F|  |TAMS 0x0000000799200000| PB 0x0000000799200000| Untracked |  0
| 704|0x0000000799400000, 0x0000000799400000, 0x0000000799600000|  0%| F|  |TAMS 0x0000000799400000| PB 0x0000000799400000| Untracked |  0
| 705|0x0000000799600000, 0x0000000799600000, 0x0000000799800000|  0%| F|  |TAMS 0x0000000799600000| PB 0x0000000799600000| Untracked |  0
| 706|0x0000000799800000, 0x0000000799800000, 0x0000000799a00000|  0%| F|  |TAMS 0x0000000799800000| PB 0x0000000799800000| Untracked |  0
| 707|0x0000000799a00000, 0x0000000799a00000, 0x0000000799c00000|  0%| F|  |TAMS 0x0000000799a00000| PB 0x0000000799a00000| Untracked |  0
| 708|0x0000000799c00000, 0x0000000799c00000, 0x0000000799e00000|  0%| F|  |TAMS 0x0000000799c00000| PB 0x0000000799c00000| Untracked |  0
| 709|0x0000000799e00000, 0x0000000799e00000, 0x000000079a000000|  0%| F|  |TAMS 0x0000000799e00000| PB 0x0000000799e00000| Untracked |  0
| 710|0x000000079a000000, 0x000000079a000000, 0x000000079a200000|  0%| F|  |TAMS 0x000000079a000000| PB 0x000000079a000000| Untracked |  0
| 711|0x000000079a200000, 0x000000079a200000, 0x000000079a400000|  0%| F|  |TAMS 0x000000079a200000| PB 0x000000079a200000| Untracked |  0
| 712|0x000000079a400000, 0x000000079a400000, 0x000000079a600000|  0%| F|  |TAMS 0x000000079a400000| PB 0x000000079a400000| Untracked |  0
| 713|0x000000079a600000, 0x000000079a600000, 0x000000079a800000|  0%| F|  |TAMS 0x000000079a600000| PB 0x000000079a600000| Untracked |  0
| 714|0x000000079a800000, 0x000000079a800000, 0x000000079aa00000|  0%| F|  |TAMS 0x000000079a800000| PB 0x000000079a800000| Untracked |  0
| 715|0x000000079aa00000, 0x000000079aa00000, 0x000000079ac00000|  0%| F|  |TAMS 0x000000079aa00000| PB 0x000000079aa00000| Untracked |  0
| 716|0x000000079ac00000, 0x000000079ac00000, 0x000000079ae00000|  0%| F|  |TAMS 0x000000079ac00000| PB 0x000000079ac00000| Untracked |  0
| 717|0x000000079ae00000, 0x000000079ae00000, 0x000000079b000000|  0%| F|  |TAMS 0x000000079ae00000| PB 0x000000079ae00000| Untracked |  0
| 718|0x000000079b000000, 0x000000079b000000, 0x000000079b200000|  0%| F|  |TAMS 0x000000079b000000| PB 0x000000079b000000| Untracked |  0
| 719|0x000000079b200000, 0x000000079b200000, 0x000000079b400000|  0%| F|  |TAMS 0x000000079b200000| PB 0x000000079b200000| Untracked |  0
| 720|0x000000079b400000, 0x000000079b400000, 0x000000079b600000|  0%| F|  |TAMS 0x000000079b400000| PB 0x000000079b400000| Untracked |  0
| 721|0x000000079b600000, 0x000000079b600000, 0x000000079b800000|  0%| F|  |TAMS 0x000000079b600000| PB 0x000000079b600000| Untracked |  0
| 722|0x000000079b800000, 0x000000079b800000, 0x000000079ba00000|  0%| F|  |TAMS 0x000000079b800000| PB 0x000000079b800000| Untracked |  0
| 723|0x000000079ba00000, 0x000000079ba00000, 0x000000079bc00000|  0%| F|  |TAMS 0x000000079ba00000| PB 0x000000079ba00000| Untracked |  0
| 724|0x000000079bc00000, 0x000000079bc00000, 0x000000079be00000|  0%| F|  |TAMS 0x000000079bc00000| PB 0x000000079bc00000| Untracked |  0
| 725|0x000000079be00000, 0x000000079be00000, 0x000000079c000000|  0%| F|  |TAMS 0x000000079be00000| PB 0x000000079be00000| Untracked |  0
| 726|0x000000079c000000, 0x000000079c000000, 0x000000079c200000|  0%| F|  |TAMS 0x000000079c000000| PB 0x000000079c000000| Untracked |  0
| 727|0x000000079c200000, 0x000000079c200000, 0x000000079c400000|  0%| F|  |TAMS 0x000000079c200000| PB 0x000000079c200000| Untracked |  0
| 728|0x000000079c400000, 0x000000079c400000, 0x000000079c600000|  0%| F|  |TAMS 0x000000079c400000| PB 0x000000079c400000| Untracked |  0
| 729|0x000000079c600000, 0x000000079c600000, 0x000000079c800000|  0%| F|  |TAMS 0x000000079c600000| PB 0x000000079c600000| Untracked |  0
| 730|0x000000079c800000, 0x000000079c800000, 0x000000079ca00000|  0%| F|  |TAMS 0x000000079c800000| PB 0x000000079c800000| Untracked |  0
| 731|0x000000079ca00000, 0x000000079ca00000, 0x000000079cc00000|  0%| F|  |TAMS 0x000000079ca00000| PB 0x000000079ca00000| Untracked |  0
| 732|0x000000079cc00000, 0x000000079cc00000, 0x000000079ce00000|  0%| F|  |TAMS 0x000000079cc00000| PB 0x000000079cc00000| Untracked |  0
| 733|0x000000079ce00000, 0x000000079ce00000, 0x000000079d000000|  0%| F|  |TAMS 0x000000079ce00000| PB 0x000000079ce00000| Untracked |  0
| 734|0x000000079d000000, 0x000000079d000000, 0x000000079d200000|  0%| F|  |TAMS 0x000000079d000000| PB 0x000000079d000000| Untracked |  0
| 735|0x000000079d200000, 0x000000079d200000, 0x000000079d400000|  0%| F|  |TAMS 0x000000079d200000| PB 0x000000079d200000| Untracked |  0
| 736|0x000000079d400000, 0x000000079d400000, 0x000000079d600000|  0%| F|  |TAMS 0x000000079d400000| PB 0x000000079d400000| Untracked |  0
| 737|0x000000079d600000, 0x000000079d600000, 0x000000079d800000|  0%| F|  |TAMS 0x000000079d600000| PB 0x000000079d600000| Untracked |  0
| 738|0x000000079d800000, 0x000000079d800000, 0x000000079da00000|  0%| F|  |TAMS 0x000000079d800000| PB 0x000000079d800000| Untracked |  0
| 739|0x000000079da00000, 0x000000079da00000, 0x000000079dc00000|  0%| F|  |TAMS 0x000000079da00000| PB 0x000000079da00000| Untracked |  0
| 740|0x000000079dc00000, 0x000000079dc00000, 0x000000079de00000|  0%| F|  |TAMS 0x000000079dc00000| PB 0x000000079dc00000| Untracked |  0
| 741|0x000000079de00000, 0x000000079de00000, 0x000000079e000000|  0%| F|  |TAMS 0x000000079de00000| PB 0x000000079de00000| Untracked |  0
| 742|0x000000079e000000, 0x000000079e000000, 0x000000079e200000|  0%| F|  |TAMS 0x000000079e000000| PB 0x000000079e000000| Untracked |  0
| 743|0x000000079e200000, 0x000000079e200000, 0x000000079e400000|  0%| F|  |TAMS 0x000000079e200000| PB 0x000000079e200000| Untracked |  0
| 744|0x000000079e400000, 0x000000079e400000, 0x000000079e600000|  0%| F|  |TAMS 0x000000079e400000| PB 0x000000079e400000| Untracked |  0
| 745|0x000000079e600000, 0x000000079e600000, 0x000000079e800000|  0%| F|  |TAMS 0x000000079e600000| PB 0x000000079e600000| Untracked |  0
| 746|0x000000079e800000, 0x000000079e800000, 0x000000079ea00000|  0%| F|  |TAMS 0x000000079e800000| PB 0x000000079e800000| Untracked |  0
| 747|0x000000079ea00000, 0x000000079ea00000, 0x000000079ec00000|  0%| F|  |TAMS 0x000000079ea00000| PB 0x000000079ea00000| Untracked |  0
| 748|0x000000079ec00000, 0x000000079ec00000, 0x000000079ee00000|  0%| F|  |TAMS 0x000000079ec00000| PB 0x000000079ec00000| Untracked |  0
| 749|0x000000079ee00000, 0x000000079ee00000, 0x000000079f000000|  0%| F|  |TAMS 0x000000079ee00000| PB 0x000000079ee00000| Untracked |  0
| 750|0x000000079f000000, 0x000000079f000000, 0x000000079f200000|  0%| F|  |TAMS 0x000000079f000000| PB 0x000000079f000000| Untracked |  0
| 751|0x000000079f200000, 0x000000079f200000, 0x000000079f400000|  0%| F|  |TAMS 0x000000079f200000| PB 0x000000079f200000| Untracked |  0
| 752|0x000000079f400000, 0x000000079f400000, 0x000000079f600000|  0%| F|  |TAMS 0x000000079f400000| PB 0x000000079f400000| Untracked |  0
| 753|0x000000079f600000, 0x000000079f600000, 0x000000079f800000|  0%| F|  |TAMS 0x000000079f600000| PB 0x000000079f600000| Untracked |  0
| 754|0x000000079f800000, 0x000000079f800000, 0x000000079fa00000|  0%| F|  |TAMS 0x000000079f800000| PB 0x000000079f800000| Untracked |  0
| 755|0x000000079fa00000, 0x000000079fa00000, 0x000000079fc00000|  0%| F|  |TAMS 0x000000079fa00000| PB 0x000000079fa00000| Untracked |  0
| 756|0x000000079fc00000, 0x000000079fc00000, 0x000000079fe00000|  0%| F|  |TAMS 0x000000079fc00000| PB 0x000000079fc00000| Untracked |  0
| 757|0x000000079fe00000, 0x000000079fe00000, 0x00000007a0000000|  0%| F|  |TAMS 0x000000079fe00000| PB 0x000000079fe00000| Untracked |  0
| 758|0x00000007a0000000, 0x00000007a0000000, 0x00000007a0200000|  0%| F|  |TAMS 0x00000007a0000000| PB 0x00000007a0000000| Untracked |  0
| 759|0x00000007a0200000, 0x00000007a0200000, 0x00000007a0400000|  0%| F|  |TAMS 0x00000007a0200000| PB 0x00000007a0200000| Untracked |  0
| 760|0x00000007a0400000, 0x00000007a0400000, 0x00000007a0600000|  0%| F|  |TAMS 0x00000007a0400000| PB 0x00000007a0400000| Untracked |  0
| 761|0x00000007a0600000, 0x00000007a0600000, 0x00000007a0800000|  0%| F|  |TAMS 0x00000007a0600000| PB 0x00000007a0600000| Untracked |  0
| 762|0x00000007a0800000, 0x00000007a0800000, 0x00000007a0a00000|  0%| F|  |TAMS 0x00000007a0800000| PB 0x00000007a0800000| Untracked |  0
| 763|0x00000007a0a00000, 0x00000007a0a00000, 0x00000007a0c00000|  0%| F|  |TAMS 0x00000007a0a00000| PB 0x00000007a0a00000| Untracked |  0
| 764|0x00000007a0c00000, 0x00000007a0c00000, 0x00000007a0e00000|  0%| F|  |TAMS 0x00000007a0c00000| PB 0x00000007a0c00000| Untracked |  0
| 765|0x00000007a0e00000, 0x00000007a0e00000, 0x00000007a1000000|  0%| F|  |TAMS 0x00000007a0e00000| PB 0x00000007a0e00000| Untracked |  0
| 766|0x00000007a1000000, 0x00000007a1000000, 0x00000007a1200000|  0%| F|  |TAMS 0x00000007a1000000| PB 0x00000007a1000000| Untracked |  0
| 767|0x00000007a1200000, 0x00000007a1200000, 0x00000007a1400000|  0%| F|  |TAMS 0x00000007a1200000| PB 0x00000007a1200000| Untracked |  0
| 768|0x00000007a1400000, 0x00000007a1400000, 0x00000007a1600000|  0%| F|  |TAMS 0x00000007a1400000| PB 0x00000007a1400000| Untracked |  0
| 769|0x00000007a1600000, 0x00000007a1600000, 0x00000007a1800000|  0%| F|  |TAMS 0x00000007a1600000| PB 0x00000007a1600000| Untracked |  0
| 770|0x00000007a1800000, 0x00000007a1800000, 0x00000007a1a00000|  0%| F|  |TAMS 0x00000007a1800000| PB 0x00000007a1800000| Untracked |  0
| 771|0x00000007a1a00000, 0x00000007a1a00000, 0x00000007a1c00000|  0%| F|  |TAMS 0x00000007a1a00000| PB 0x00000007a1a00000| Untracked |  0
| 772|0x00000007a1c00000, 0x00000007a1c00000, 0x00000007a1e00000|  0%| F|  |TAMS 0x00000007a1c00000| PB 0x00000007a1c00000| Untracked |  0
| 773|0x00000007a1e00000, 0x00000007a1e00000, 0x00000007a2000000|  0%| F|  |TAMS 0x00000007a1e00000| PB 0x00000007a1e00000| Untracked |  0
| 774|0x00000007a2000000, 0x00000007a2000000, 0x00000007a2200000|  0%| F|  |TAMS 0x00000007a2000000| PB 0x00000007a2000000| Untracked |  0
| 775|0x00000007a2200000, 0x00000007a2200000, 0x00000007a2400000|  0%| F|  |TAMS 0x00000007a2200000| PB 0x00000007a2200000| Untracked |  0
| 776|0x00000007a2400000, 0x00000007a2400000, 0x00000007a2600000|  0%| F|  |TAMS 0x00000007a2400000| PB 0x00000007a2400000| Untracked |  0
| 777|0x00000007a2600000, 0x00000007a2600000, 0x00000007a2800000|  0%| F|  |TAMS 0x00000007a2600000| PB 0x00000007a2600000| Untracked |  0
| 778|0x00000007a2800000, 0x00000007a2800000, 0x00000007a2a00000|  0%| F|  |TAMS 0x00000007a2800000| PB 0x00000007a2800000| Untracked |  0
| 779|0x00000007a2a00000, 0x00000007a2a00000, 0x00000007a2c00000|  0%| F|  |TAMS 0x00000007a2a00000| PB 0x00000007a2a00000| Untracked |  0
| 780|0x00000007a2c00000, 0x00000007a2c00000, 0x00000007a2e00000|  0%| F|  |TAMS 0x00000007a2c00000| PB 0x00000007a2c00000| Untracked |  0
| 781|0x00000007a2e00000, 0x00000007a2e00000, 0x00000007a3000000|  0%| F|  |TAMS 0x00000007a2e00000| PB 0x00000007a2e00000| Untracked |  0
| 782|0x00000007a3000000, 0x00000007a3000000, 0x00000007a3200000|  0%| F|  |TAMS 0x00000007a3000000| PB 0x00000007a3000000| Untracked |  0
| 783|0x00000007a3200000, 0x00000007a3200000, 0x00000007a3400000|  0%| F|  |TAMS 0x00000007a3200000| PB 0x00000007a3200000| Untracked |  0
| 784|0x00000007a3400000, 0x00000007a3400000, 0x00000007a3600000|  0%| F|  |TAMS 0x00000007a3400000| PB 0x00000007a3400000| Untracked |  0
| 785|0x00000007a3600000, 0x00000007a3600000, 0x00000007a3800000|  0%| F|  |TAMS 0x00000007a3600000| PB 0x00000007a3600000| Untracked |  0
| 786|0x00000007a3800000, 0x00000007a3800000, 0x00000007a3a00000|  0%| F|  |TAMS 0x00000007a3800000| PB 0x00000007a3800000| Untracked |  0
| 787|0x00000007a3a00000, 0x00000007a3a00000, 0x00000007a3c00000|  0%| F|  |TAMS 0x00000007a3a00000| PB 0x00000007a3a00000| Untracked |  0
| 788|0x00000007a3c00000, 0x00000007a3c00000, 0x00000007a3e00000|  0%| F|  |TAMS 0x00000007a3c00000| PB 0x00000007a3c00000| Untracked |  0
| 789|0x00000007a3e00000, 0x00000007a3e00000, 0x00000007a4000000|  0%| F|  |TAMS 0x00000007a3e00000| PB 0x00000007a3e00000| Untracked |  0
| 790|0x00000007a4000000, 0x00000007a4000000, 0x00000007a4200000|  0%| F|  |TAMS 0x00000007a4000000| PB 0x00000007a4000000| Untracked |  0
| 791|0x00000007a4200000, 0x00000007a4200000, 0x00000007a4400000|  0%| F|  |TAMS 0x00000007a4200000| PB 0x00000007a4200000| Untracked |  0
| 792|0x00000007a4400000, 0x00000007a4400000, 0x00000007a4600000|  0%| F|  |TAMS 0x00000007a4400000| PB 0x00000007a4400000| Untracked |  0
| 793|0x00000007a4600000, 0x00000007a4600000, 0x00000007a4800000|  0%| F|  |TAMS 0x00000007a4600000| PB 0x00000007a4600000| Untracked |  0
| 794|0x00000007a4800000, 0x00000007a4800000, 0x00000007a4a00000|  0%| F|  |TAMS 0x00000007a4800000| PB 0x00000007a4800000| Untracked |  0
| 795|0x00000007a4a00000, 0x00000007a4a00000, 0x00000007a4c00000|  0%| F|  |TAMS 0x00000007a4a00000| PB 0x00000007a4a00000| Untracked |  0
| 796|0x00000007a4c00000, 0x00000007a4c00000, 0x00000007a4e00000|  0%| F|  |TAMS 0x00000007a4c00000| PB 0x00000007a4c00000| Untracked |  0
| 797|0x00000007a4e00000, 0x00000007a4e00000, 0x00000007a5000000|  0%| F|  |TAMS 0x00000007a4e00000| PB 0x00000007a4e00000| Untracked |  0
| 798|0x00000007a5000000, 0x00000007a5000000, 0x00000007a5200000|  0%| F|  |TAMS 0x00000007a5000000| PB 0x00000007a5000000| Untracked |  0
| 799|0x00000007a5200000, 0x00000007a5200000, 0x00000007a5400000|  0%| F|  |TAMS 0x00000007a5200000| PB 0x00000007a5200000| Untracked |  0
| 800|0x00000007a5400000, 0x00000007a5400000, 0x00000007a5600000|  0%| F|  |TAMS 0x00000007a5400000| PB 0x00000007a5400000| Untracked |  0
| 801|0x00000007a5600000, 0x00000007a5600000, 0x00000007a5800000|  0%| F|  |TAMS 0x00000007a5600000| PB 0x00000007a5600000| Untracked |  0
| 802|0x00000007a5800000, 0x00000007a5800000, 0x00000007a5a00000|  0%| F|  |TAMS 0x00000007a5800000| PB 0x00000007a5800000| Untracked |  0
| 803|0x00000007a5a00000, 0x00000007a5a00000, 0x00000007a5c00000|  0%| F|  |TAMS 0x00000007a5a00000| PB 0x00000007a5a00000| Untracked |  0
| 804|0x00000007a5c00000, 0x00000007a5c00000, 0x00000007a5e00000|  0%| F|  |TAMS 0x00000007a5c00000| PB 0x00000007a5c00000| Untracked |  0
| 805|0x00000007a5e00000, 0x00000007a5e00000, 0x00000007a6000000|  0%| F|  |TAMS 0x00000007a5e00000| PB 0x00000007a5e00000| Untracked |  0
| 806|0x00000007a6000000, 0x00000007a6000000, 0x00000007a6200000|  0%| F|  |TAMS 0x00000007a6000000| PB 0x00000007a6000000| Untracked |  0
| 807|0x00000007a6200000, 0x00000007a6200000, 0x00000007a6400000|  0%| F|  |TAMS 0x00000007a6200000| PB 0x00000007a6200000| Untracked |  0
| 808|0x00000007a6400000, 0x00000007a6400000, 0x00000007a6600000|  0%| F|  |TAMS 0x00000007a6400000| PB 0x00000007a6400000| Untracked |  0
| 809|0x00000007a6600000, 0x00000007a6600000, 0x00000007a6800000|  0%| F|  |TAMS 0x00000007a6600000| PB 0x00000007a6600000| Untracked |  0
| 810|0x00000007a6800000, 0x00000007a6800000, 0x00000007a6a00000|  0%| F|  |TAMS 0x00000007a6800000| PB 0x00000007a6800000| Untracked |  0
| 811|0x00000007a6a00000, 0x00000007a6a00000, 0x00000007a6c00000|  0%| F|  |TAMS 0x00000007a6a00000| PB 0x00000007a6a00000| Untracked |  0
| 812|0x00000007a6c00000, 0x00000007a6c00000, 0x00000007a6e00000|  0%| F|  |TAMS 0x00000007a6c00000| PB 0x00000007a6c00000| Untracked |  0
| 813|0x00000007a6e00000, 0x00000007a6e00000, 0x00000007a7000000|  0%| F|  |TAMS 0x00000007a6e00000| PB 0x00000007a6e00000| Untracked |  0
| 814|0x00000007a7000000, 0x00000007a7000000, 0x00000007a7200000|  0%| F|  |TAMS 0x00000007a7000000| PB 0x00000007a7000000| Untracked |  0
| 815|0x00000007a7200000, 0x00000007a7200000, 0x00000007a7400000|  0%| F|  |TAMS 0x00000007a7200000| PB 0x00000007a7200000| Untracked |  0
| 816|0x00000007a7400000, 0x00000007a7400000, 0x00000007a7600000|  0%| F|  |TAMS 0x00000007a7400000| PB 0x00000007a7400000| Untracked |  0
| 817|0x00000007a7600000, 0x00000007a7600000, 0x00000007a7800000|  0%| F|  |TAMS 0x00000007a7600000| PB 0x00000007a7600000| Untracked |  0
| 818|0x00000007a7800000, 0x00000007a7800000, 0x00000007a7a00000|  0%| F|  |TAMS 0x00000007a7800000| PB 0x00000007a7800000| Untracked |  0
| 819|0x00000007a7a00000, 0x00000007a7a00000, 0x00000007a7c00000|  0%| F|  |TAMS 0x00000007a7a00000| PB 0x00000007a7a00000| Untracked |  0
| 820|0x00000007a7c00000, 0x00000007a7c00000, 0x00000007a7e00000|  0%| F|  |TAMS 0x00000007a7c00000| PB 0x00000007a7c00000| Untracked |  0
| 821|0x00000007a7e00000, 0x00000007a7e00000, 0x00000007a8000000|  0%| F|  |TAMS 0x00000007a7e00000| PB 0x00000007a7e00000| Untracked |  0
| 822|0x00000007a8000000, 0x00000007a8000000, 0x00000007a8200000|  0%| F|  |TAMS 0x00000007a8000000| PB 0x00000007a8000000| Untracked |  0
| 823|0x00000007a8200000, 0x00000007a8200000, 0x00000007a8400000|  0%| F|  |TAMS 0x00000007a8200000| PB 0x00000007a8200000| Untracked |  0
| 824|0x00000007a8400000, 0x00000007a8400000, 0x00000007a8600000|  0%| F|  |TAMS 0x00000007a8400000| PB 0x00000007a8400000| Untracked |  0
| 825|0x00000007a8600000, 0x00000007a8600000, 0x00000007a8800000|  0%| F|  |TAMS 0x00000007a8600000| PB 0x00000007a8600000| Untracked |  0
| 826|0x00000007a8800000, 0x00000007a8800000, 0x00000007a8a00000|  0%| F|  |TAMS 0x00000007a8800000| PB 0x00000007a8800000| Untracked |  0
| 827|0x00000007a8a00000, 0x00000007a8a00000, 0x00000007a8c00000|  0%| F|  |TAMS 0x00000007a8a00000| PB 0x00000007a8a00000| Untracked |  0
| 828|0x00000007a8c00000, 0x00000007a8c00000, 0x00000007a8e00000|  0%| F|  |TAMS 0x00000007a8c00000| PB 0x00000007a8c00000| Untracked |  0
| 829|0x00000007a8e00000, 0x00000007a8e00000, 0x00000007a9000000|  0%| F|  |TAMS 0x00000007a8e00000| PB 0x00000007a8e00000| Untracked |  0
| 830|0x00000007a9000000, 0x00000007a9000000, 0x00000007a9200000|  0%| F|  |TAMS 0x00000007a9000000| PB 0x00000007a9000000| Untracked |  0
| 831|0x00000007a9200000, 0x00000007a9200000, 0x00000007a9400000|  0%| F|  |TAMS 0x00000007a9200000| PB 0x00000007a9200000| Untracked |  0
| 832|0x00000007a9400000, 0x00000007a9400000, 0x00000007a9600000|  0%| F|  |TAMS 0x00000007a9400000| PB 0x00000007a9400000| Untracked |  0
| 833|0x00000007a9600000, 0x00000007a9600000, 0x00000007a9800000|  0%| F|  |TAMS 0x00000007a9600000| PB 0x00000007a9600000| Untracked |  0
| 834|0x00000007a9800000, 0x00000007a9800000, 0x00000007a9a00000|  0%| F|  |TAMS 0x00000007a9800000| PB 0x00000007a9800000| Untracked |  0
| 835|0x00000007a9a00000, 0x00000007a9a00000, 0x00000007a9c00000|  0%| F|  |TAMS 0x00000007a9a00000| PB 0x00000007a9a00000| Untracked |  0
| 836|0x00000007a9c00000, 0x00000007a9c00000, 0x00000007a9e00000|  0%| F|  |TAMS 0x00000007a9c00000| PB 0x00000007a9c00000| Untracked |  0
| 837|0x00000007a9e00000, 0x00000007a9e00000, 0x00000007aa000000|  0%| F|  |TAMS 0x00000007a9e00000| PB 0x00000007a9e00000| Untracked |  0
| 838|0x00000007aa000000, 0x00000007aa000000, 0x00000007aa200000|  0%| F|  |TAMS 0x00000007aa000000| PB 0x00000007aa000000| Untracked |  0
| 839|0x00000007aa200000, 0x00000007aa200000, 0x00000007aa400000|  0%| F|  |TAMS 0x00000007aa200000| PB 0x00000007aa200000| Untracked |  0
| 840|0x00000007aa400000, 0x00000007aa400000, 0x00000007aa600000|  0%| F|  |TAMS 0x00000007aa400000| PB 0x00000007aa400000| Untracked |  0
| 841|0x00000007aa600000, 0x00000007aa600000, 0x00000007aa800000|  0%| F|  |TAMS 0x00000007aa600000| PB 0x00000007aa600000| Untracked |  0
| 842|0x00000007aa800000, 0x00000007aa800000, 0x00000007aaa00000|  0%| F|  |TAMS 0x00000007aa800000| PB 0x00000007aa800000| Untracked |  0
| 843|0x00000007aaa00000, 0x00000007aaa00000, 0x00000007aac00000|  0%| F|  |TAMS 0x00000007aaa00000| PB 0x00000007aaa00000| Untracked |  0
| 844|0x00000007aac00000, 0x00000007aac00000, 0x00000007aae00000|  0%| F|  |TAMS 0x00000007aac00000| PB 0x00000007aac00000| Untracked |  0
| 845|0x00000007aae00000, 0x00000007aae00000, 0x00000007ab000000|  0%| F|  |TAMS 0x00000007aae00000| PB 0x00000007aae00000| Untracked |  0
| 846|0x00000007ab000000, 0x00000007ab000000, 0x00000007ab200000|  0%| F|  |TAMS 0x00000007ab000000| PB 0x00000007ab000000| Untracked |  0
| 847|0x00000007ab200000, 0x00000007ab200000, 0x00000007ab400000|  0%| F|  |TAMS 0x00000007ab200000| PB 0x00000007ab200000| Untracked |  0
| 848|0x00000007ab400000, 0x00000007ab400000, 0x00000007ab600000|  0%| F|  |TAMS 0x00000007ab400000| PB 0x00000007ab400000| Untracked |  0
| 849|0x00000007ab600000, 0x00000007ab600000, 0x00000007ab800000|  0%| F|  |TAMS 0x00000007ab600000| PB 0x00000007ab600000| Untracked |  0
| 850|0x00000007ab800000, 0x00000007ab800000, 0x00000007aba00000|  0%| F|  |TAMS 0x00000007ab800000| PB 0x00000007ab800000| Untracked |  0
| 851|0x00000007aba00000, 0x00000007aba00000, 0x00000007abc00000|  0%| F|  |TAMS 0x00000007aba00000| PB 0x00000007aba00000| Untracked |  0
| 852|0x00000007abc00000, 0x00000007abc00000, 0x00000007abe00000|  0%| F|  |TAMS 0x00000007abc00000| PB 0x00000007abc00000| Untracked |  0
| 853|0x00000007abe00000, 0x00000007abe00000, 0x00000007ac000000|  0%| F|  |TAMS 0x00000007abe00000| PB 0x00000007abe00000| Untracked |  0
| 854|0x00000007ac000000, 0x00000007ac000000, 0x00000007ac200000|  0%| F|  |TAMS 0x00000007ac000000| PB 0x00000007ac000000| Untracked |  0
| 855|0x00000007ac200000, 0x00000007ac200000, 0x00000007ac400000|  0%| F|  |TAMS 0x00000007ac200000| PB 0x00000007ac200000| Untracked |  0
| 856|0x00000007ac400000, 0x00000007ac400000, 0x00000007ac600000|  0%| F|  |TAMS 0x00000007ac400000| PB 0x00000007ac400000| Untracked |  0
| 857|0x00000007ac600000, 0x00000007ac600000, 0x00000007ac800000|  0%| F|  |TAMS 0x00000007ac600000| PB 0x00000007ac600000| Untracked |  0
| 858|0x00000007ac800000, 0x00000007aca00000, 0x00000007aca00000|100%| S|CS|TAMS 0x00000007ac800000| PB 0x00000007ac800000| Complete |  0
| 859|0x00000007aca00000, 0x00000007acc00000, 0x00000007acc00000|100%| S|CS|TAMS 0x00000007aca00000| PB 0x00000007aca00000| Complete |  0
| 860|0x00000007acc00000, 0x00000007ace00000, 0x00000007ace00000|100%| S|CS|TAMS 0x00000007acc00000| PB 0x00000007acc00000| Complete |  0
| 861|0x00000007ace00000, 0x00000007ad000000, 0x00000007ad000000|100%| S|CS|TAMS 0x00000007ace00000| PB 0x00000007ace00000| Complete |  0
| 862|0x00000007ad000000, 0x00000007ad200000, 0x00000007ad200000|100%| S|CS|TAMS 0x00000007ad000000| PB 0x00000007ad000000| Complete |  0
| 863|0x00000007ad200000, 0x00000007ad400000, 0x00000007ad400000|100%| S|CS|TAMS 0x00000007ad200000| PB 0x00000007ad200000| Complete |  0
| 864|0x00000007ad400000, 0x00000007ad600000, 0x00000007ad600000|100%| S|CS|TAMS 0x00000007ad400000| PB 0x00000007ad400000| Complete |  0
| 865|0x00000007ad600000, 0x00000007ad600000, 0x00000007ad800000|  0%| F|  |TAMS 0x00000007ad600000| PB 0x00000007ad600000| Untracked |  0
| 866|0x00000007ad800000, 0x00000007ad800000, 0x00000007ada00000|  0%| F|  |TAMS 0x00000007ad800000| PB 0x00000007ad800000| Untracked |  0
| 867|0x00000007ada00000, 0x00000007ada00000, 0x00000007adc00000|  0%| F|  |TAMS 0x00000007ada00000| PB 0x00000007ada00000| Untracked |  0
| 868|0x00000007adc00000, 0x00000007adc00000, 0x00000007ade00000|  0%| F|  |TAMS 0x00000007adc00000| PB 0x00000007adc00000| Untracked |  0
| 869|0x00000007ade00000, 0x00000007ade00000, 0x00000007ae000000|  0%| F|  |TAMS 0x00000007ade00000| PB 0x00000007ade00000| Untracked |  0
| 870|0x00000007ae000000, 0x00000007ae000000, 0x00000007ae200000|  0%| F|  |TAMS 0x00000007ae000000| PB 0x00000007ae000000| Untracked |  0
| 871|0x00000007ae200000, 0x00000007ae200000, 0x00000007ae400000|  0%| F|  |TAMS 0x00000007ae200000| PB 0x00000007ae200000| Untracked |  0
| 872|0x00000007ae400000, 0x00000007ae400000, 0x00000007ae600000|  0%| F|  |TAMS 0x00000007ae400000| PB 0x00000007ae400000| Untracked |  0
| 873|0x00000007ae600000, 0x00000007ae600000, 0x00000007ae800000|  0%| F|  |TAMS 0x00000007ae600000| PB 0x00000007ae600000| Untracked |  0
| 874|0x00000007ae800000, 0x00000007ae800000, 0x00000007aea00000|  0%| F|  |TAMS 0x00000007ae800000| PB 0x00000007ae800000| Untracked |  0
| 875|0x00000007aea00000, 0x00000007aea00000, 0x00000007aec00000|  0%| F|  |TAMS 0x00000007aea00000| PB 0x00000007aea00000| Untracked |  0
| 876|0x00000007aec00000, 0x00000007aec00000, 0x00000007aee00000|  0%| F|  |TAMS 0x00000007aec00000| PB 0x00000007aec00000| Untracked |  0
| 877|0x00000007aee00000, 0x00000007aee00000, 0x00000007af000000|  0%| F|  |TAMS 0x00000007aee00000| PB 0x00000007aee00000| Untracked |  0
| 878|0x00000007af000000, 0x00000007af000000, 0x00000007af200000|  0%| F|  |TAMS 0x00000007af000000| PB 0x00000007af000000| Untracked |  0
| 879|0x00000007af200000, 0x00000007af200000, 0x00000007af400000|  0%| F|  |TAMS 0x00000007af200000| PB 0x00000007af200000| Untracked |  0
| 880|0x00000007af400000, 0x00000007af400000, 0x00000007af600000|  0%| F|  |TAMS 0x00000007af400000| PB 0x00000007af400000| Untracked |  0
| 881|0x00000007af600000, 0x00000007af600000, 0x00000007af800000|  0%| F|  |TAMS 0x00000007af600000| PB 0x00000007af600000| Untracked |  0
| 882|0x00000007af800000, 0x00000007af800000, 0x00000007afa00000|  0%| F|  |TAMS 0x00000007af800000| PB 0x00000007af800000| Untracked |  0
| 883|0x00000007afa00000, 0x00000007afa00000, 0x00000007afc00000|  0%| F|  |TAMS 0x00000007afa00000| PB 0x00000007afa00000| Untracked |  0
| 884|0x00000007afc00000, 0x00000007afc00000, 0x00000007afe00000|  0%| F|  |TAMS 0x00000007afc00000| PB 0x00000007afc00000| Untracked |  0
| 885|0x00000007afe00000, 0x00000007afe00000, 0x00000007b0000000|  0%| F|  |TAMS 0x00000007afe00000| PB 0x00000007afe00000| Untracked |  0
| 886|0x00000007b0000000, 0x00000007b0000000, 0x00000007b0200000|  0%| F|  |TAMS 0x00000007b0000000| PB 0x00000007b0000000| Untracked |  0
| 887|0x00000007b0200000, 0x00000007b0200000, 0x00000007b0400000|  0%| F|  |TAMS 0x00000007b0200000| PB 0x00000007b0200000| Untracked |  0
| 888|0x00000007b0400000, 0x00000007b0400000, 0x00000007b0600000|  0%| F|  |TAMS 0x00000007b0400000| PB 0x00000007b0400000| Untracked |  0
| 889|0x00000007b0600000, 0x00000007b0600000, 0x00000007b0800000|  0%| F|  |TAMS 0x00000007b0600000| PB 0x00000007b0600000| Untracked |  0
| 890|0x00000007b0800000, 0x00000007b0800000, 0x00000007b0a00000|  0%| F|  |TAMS 0x00000007b0800000| PB 0x00000007b0800000| Untracked |  0
| 891|0x00000007b0a00000, 0x00000007b0a00000, 0x00000007b0c00000|  0%| F|  |TAMS 0x00000007b0a00000| PB 0x00000007b0a00000| Untracked |  0
| 892|0x00000007b0c00000, 0x00000007b0c00000, 0x00000007b0e00000|  0%| F|  |TAMS 0x00000007b0c00000| PB 0x00000007b0c00000| Untracked |  0
| 893|0x00000007b0e00000, 0x00000007b0e00000, 0x00000007b1000000|  0%| F|  |TAMS 0x00000007b0e00000| PB 0x00000007b0e00000| Untracked |  0
| 894|0x00000007b1000000, 0x00000007b1000000, 0x00000007b1200000|  0%| F|  |TAMS 0x00000007b1000000| PB 0x00000007b1000000| Untracked |  0
| 895|0x00000007b1200000, 0x00000007b1200000, 0x00000007b1400000|  0%| F|  |TAMS 0x00000007b1200000| PB 0x00000007b1200000| Untracked |  0
| 896|0x00000007b1400000, 0x00000007b1400000, 0x00000007b1600000|  0%| F|  |TAMS 0x00000007b1400000| PB 0x00000007b1400000| Untracked |  0
| 897|0x00000007b1600000, 0x00000007b1600000, 0x00000007b1800000|  0%| F|  |TAMS 0x00000007b1600000| PB 0x00000007b1600000| Untracked |  0
| 898|0x00000007b1800000, 0x00000007b1800000, 0x00000007b1a00000|  0%| F|  |TAMS 0x00000007b1800000| PB 0x00000007b1800000| Untracked |  0
| 899|0x00000007b1a00000, 0x00000007b1a00000, 0x00000007b1c00000|  0%| F|  |TAMS 0x00000007b1a00000| PB 0x00000007b1a00000| Untracked |  0
| 900|0x00000007b1c00000, 0x00000007b1c00000, 0x00000007b1e00000|  0%| F|  |TAMS 0x00000007b1c00000| PB 0x00000007b1c00000| Untracked |  0
| 901|0x00000007b1e00000, 0x00000007b1e00000, 0x00000007b2000000|  0%| F|  |TAMS 0x00000007b1e00000| PB 0x00000007b1e00000| Untracked |  0
| 902|0x00000007b2000000, 0x00000007b2000000, 0x00000007b2200000|  0%| F|  |TAMS 0x00000007b2000000| PB 0x00000007b2000000| Untracked |  0
| 903|0x00000007b2200000, 0x00000007b2200000, 0x00000007b2400000|  0%| F|  |TAMS 0x00000007b2200000| PB 0x00000007b2200000| Untracked |  0
| 904|0x00000007b2400000, 0x00000007b2400000, 0x00000007b2600000|  0%| F|  |TAMS 0x00000007b2400000| PB 0x00000007b2400000| Untracked |  0
| 905|0x00000007b2600000, 0x00000007b2600000, 0x00000007b2800000|  0%| F|  |TAMS 0x00000007b2600000| PB 0x00000007b2600000| Untracked |  0
| 906|0x00000007b2800000, 0x00000007b2800000, 0x00000007b2a00000|  0%| F|  |TAMS 0x00000007b2800000| PB 0x00000007b2800000| Untracked |  0
| 907|0x00000007b2a00000, 0x00000007b2a00000, 0x00000007b2c00000|  0%| F|  |TAMS 0x00000007b2a00000| PB 0x00000007b2a00000| Untracked |  0

Card table byte_map: [0x0000022ccf8e0000,0x0000022ccfee0000] _byte_map_base: 0x0000022ccbed6000

Marking Bits: (CMBitMap*) 0x0000022cb79a7030
 Bits: [0x0000022ccfee0000, 0x0000022cd2e90000)

Polling page: 0x0000022cb7120000

Metaspace:

Usage:
  Non-class:      3.98 MB used.
      Class:    335.20 KB used.
       Both:      4.31 MB used.

Virtual space:
  Non-class space:       64.00 MB reserved,       4.06 MB (  6%) committed,  1 nodes.
      Class space:        1.00 GB reserved,     448.00 KB ( <1%) committed,  1 nodes.
             Both:        1.06 GB reserved,       4.50 MB ( <1%) committed. 

Chunk freelists:
   Non-Class:  9.86 MB
       Class:  15.54 MB
        Both:  25.40 MB

MaxMetaspaceSize: unlimited
CompressedClassSpaceSize: 1.00 GB
Initial GC threshold: 21.00 MB
Current GC threshold: 21.00 MB
CDS: on
 - commit_granule_bytes: 65536.
 - commit_granule_words: 8192.
 - virtual_space_node_default_size: 8388608.
 - enlarge_chunks_in_place: 1.
 - use_allocation_guard: 0.


Internal statistics:

num_allocs_failed_limit: 0.
num_arena_births: 54.
num_arena_deaths: 0.
num_vsnodes_births: 2.
num_vsnodes_deaths: 0.
num_space_committed: 72.
num_space_uncommitted: 0.
num_chunks_returned_to_freelist: 0.
num_chunks_taken_from_freelist: 142.
num_chunk_merges: 0.
num_chunk_splits: 113.
num_chunks_enlarged: 92.
num_inconsistent_stats: 0.

CodeHeap 'non-profiled nmethods': size=120064Kb used=698Kb max_used=698Kb free=119365Kb
 bounds [0x0000022cc7da0000, 0x0000022cc8010000, 0x0000022ccf2e0000]
CodeHeap 'profiled nmethods': size=120000Kb used=1506Kb max_used=1522Kb free=118493Kb
 bounds [0x0000022cc02e0000, 0x0000022cc0550000, 0x0000022cc7810000]
CodeHeap 'non-nmethods': size=5696Kb used=1375Kb max_used=1450Kb free=4321Kb
 bounds [0x0000022cc7810000, 0x0000022cc7a80000, 0x0000022cc7da0000]
CodeCache: size=245760Kb, used=3579Kb, max_used=3670Kb, free=242179Kb
 total_blobs=1599, nmethods=1115, adapters=390, full_count=0
Compilation: enabled, stopped_count=0, restarted_count=0

Compilation events (20 events):
Event: 53.402 Thread 0x0000022cd54ac030 nmethod 1222 0x0000022cc03da308 code [0x0000022cc03da460, 0x0000022cc03da718]
Event: 53.403 Thread 0x0000022cd543add0 nmethod 1206% 0x0000022cc7e4c488 code [0x0000022cc7e4c5e0, 0x0000022cc7e4d120]
Event: 53.404 Thread 0x0000022cd543add0 1208       4       java.util.HashMap::<init> (11 bytes)
Event: 53.405 Thread 0x0000022cd543add0 nmethod 1208 0x0000022cc7de7f08 code [0x0000022cc7de8000, 0x0000022cc7de8080]
Event: 53.405 Thread 0x0000022cd543add0 1221       4       java.lang.Character::hashCode (8 bytes)
Event: 53.405 Thread 0x0000022cd543add0 nmethod 1221 0x0000022cc7de7c08 code [0x0000022cc7de7d00, 0x0000022cc7de7d80]
Event: 53.405 Thread 0x0000022cd543add0 1220       4       java.util.LinkedHashMap::get (29 bytes)
Event: 53.411 Thread 0x0000022cd543add0 nmethod 1220 0x0000022cc7de7588 code [0x0000022cc7de76c0, 0x0000022cc7de7ac8]
Event: 53.412 Thread 0x0000022cd543add0 1223       4       java.util.LinkedHashMap::linkNodeAtEnd (76 bytes)
Event: 53.416 Thread 0x0000022cd543add0 nmethod 1223 0x0000022cc7e4d208 code [0x0000022cc7e4d320, 0x0000022cc7e4d7b0]
Event: 53.440 Thread 0x0000022d1c872780 1224       4       java.lang.StringLatin1::toLowerCase (155 bytes)
Event: 53.446 Thread 0x0000022d1c872780 nmethod 1224 0x0000022cc7e4d808 code [0x0000022cc7e4d920, 0x0000022cc7e4db60]
Event: 53.448 Thread 0x0000022d1c872780 1225       4       org.example.utils.SearchByNameAlgo.Trie::insert (112 bytes)
Event: 53.463 Thread 0x0000022d1c872780 nmethod 1225 0x0000022cc7e4db88 code [0x0000022cc7e4dd20, 0x0000022cc7e4e590]
Event: 53.578 Thread 0x0000022d1c872780 1226       4       java.lang.String::toLowerCase (29 bytes)
Event: 53.586 Thread 0x0000022d1c872780 nmethod 1226 0x0000022cc7e4e708 code [0x0000022cc7e4e820, 0x0000022cc7e4eac8]
Event: 56.201 Thread 0x0000022cd54ac030 1227 %     3       org.example.di.UiModuleKt::uiModule$lambda$19$lambda$1 @ 68 (182 bytes)
Event: 56.575 Thread 0x0000022cd54ac030 nmethod 1227% 0x0000022cc03e2808 code [0x0000022cc03e2ce0, 0x0000022cc03e5808]
Event: 56.704 Thread 0x0000022cd54ac030 1228       3       org.example.di.UiModuleKt::uiModule$lambda$19$lambda$1 (182 bytes)
Event: 56.795 Thread 0x0000022cd54ac030 nmethod 1228 0x0000022cc03df788 code [0x0000022cc03dfc40, 0x0000022cc03e26d0]

GC Heap History (20 events):
Event: 40.065 GC heap after
{Heap after GC invocations=26 (full 0):
 garbage-first heap   total reserved 3125248K, committed 1685504K, used 596871K [0x0000000741400000, 0x0000000800000000)
  region size 2048K, 11 young (22528K), 11 survivors (22528K)
 Metaspace       used 4399K, committed 4544K, reserved 1114112K
  class space    used 335K, committed 448K, reserved 1048576K
}
Event: 41.028 GC heap before
{Heap before GC invocations=26 (full 0):
 garbage-first heap   total reserved 3125248K, committed 1685504K, used 756615K [0x0000000741400000, 0x0000000800000000)
  region size 2048K, 89 young (182272K), 11 survivors (22528K)
 Metaspace       used 4399K, committed 4544K, reserved 1114112K
  class space    used 335K, committed 448K, reserved 1048576K
}
Event: 41.233 GC heap after
{Heap after GC invocations=27 (full 0):
 garbage-first heap   total reserved 3125248K, committed 1685504K, used 634759K [0x0000000741400000, 0x0000000800000000)
  region size 2048K, 12 young (24576K), 12 survivors (24576K)
 Metaspace       used 4399K, committed 4544K, reserved 1114112K
  class space    used 335K, committed 448K, reserved 1048576K
}
Event: 42.683 GC heap before
{Heap before GC invocations=27 (full 0):
 garbage-first heap   total reserved 3125248K, committed 1685504K, used 782215K [0x0000000741400000, 0x0000000800000000)
  region size 2048K, 84 young (172032K), 12 survivors (24576K)
 Metaspace       used 4399K, committed 4544K, reserved 1114112K
  class space    used 335K, committed 448K, reserved 1048576K
}
Event: 42.847 GC heap after
{Heap after GC invocations=28 (full 0):
 garbage-first heap   total reserved 3125248K, committed 1859584K, used 670599K [0x0000000741400000, 0x0000000800000000)
  region size 2048K, 11 young (22528K), 11 survivors (22528K)
 Metaspace       used 4399K, committed 4544K, reserved 1114112K
  class space    used 335K, committed 448K, reserved 1048576K
}
Event: 45.130 GC heap before
{Heap before GC invocations=28 (full 0):
 garbage-first heap   total reserved 3125248K, committed 1859584K, used 826247K [0x0000000741400000, 0x0000000800000000)
  region size 2048K, 87 young (178176K), 11 survivors (22528K)
 Metaspace       used 4399K, committed 4544K, reserved 1114112K
  class space    used 335K, committed 448K, reserved 1048576K
}
Event: 45.421 GC heap after
{Heap after GC invocations=29 (full 0):
 garbage-first heap   total reserved 3125248K, committed 1859584K, used 708487K [0x0000000741400000, 0x0000000800000000)
  region size 2048K, 11 young (22528K), 11 survivors (22528K)
 Metaspace       used 4399K, committed 4544K, reserved 1114112K
  class space    used 335K, committed 448K, reserved 1048576K
}
Event: 46.554 GC heap before
{Heap before GC invocations=29 (full 0):
 garbage-first heap   total reserved 3125248K, committed 1859584K, used 823175K [0x0000000741400000, 0x0000000800000000)
  region size 2048K, 67 young (137216K), 11 survivors (22528K)
 Metaspace       used 4399K, committed 4544K, reserved 1114112K
  class space    used 335K, committed 448K, reserved 1048576K
}
Event: 46.733 GC heap after
{Heap after GC invocations=30 (full 0):
 garbage-first heap   total reserved 3125248K, committed 1859584K, used 737159K [0x0000000741400000, 0x0000000800000000)
  region size 2048K, 9 young (18432K), 9 survivors (18432K)
 Metaspace       used 4399K, committed 4544K, reserved 1114112K
  class space    used 335K, committed 448K, reserved 1048576K
}
Event: 48.927 GC heap before
{Heap before GC invocations=30 (full 0):
 garbage-first heap   total reserved 3125248K, committed 1859584K, used 870279K [0x0000000741400000, 0x0000000800000000)
  region size 2048K, 74 young (151552K), 9 survivors (18432K)
 Metaspace       used 4399K, committed 4544K, reserved 1114112K
  class space    used 335K, committed 448K, reserved 1048576K
}
Event: 49.043 GC heap after
{Heap after GC invocations=31 (full 0):
 garbage-first heap   total reserved 3125248K, committed 1859584K, used 767879K [0x0000000741400000, 0x0000000800000000)
  region size 2048K, 10 young (20480K), 10 survivors (20480K)
 Metaspace       used 4399K, committed 4544K, reserved 1114112K
  class space    used 335K, committed 448K, reserved 1048576K
}
Event: 50.329 GC heap before
{Heap before GC invocations=31 (full 0):
 garbage-first heap   total reserved 3125248K, committed 1859584K, used 913287K [0x0000000741400000, 0x0000000800000000)
  region size 2048K, 81 young (165888K), 10 survivors (20480K)
 Metaspace       used 4399K, committed 4544K, reserved 1114112K
  class space    used 335K, committed 448K, reserved 1048576K
}
Event: 50.405 GC heap after
{Heap after GC invocations=32 (full 0):
 garbage-first heap   total reserved 3125248K, committed 1859584K, used 801671K [0x0000000741400000, 0x0000000800000000)
  region size 2048K, 11 young (22528K), 11 survivors (22528K)
 Metaspace       used 4399K, committed 4544K, reserved 1114112K
  class space    used 335K, committed 448K, reserved 1048576K
}
Event: 52.067 GC heap before
{Heap before GC invocations=32 (full 0):
 garbage-first heap   total reserved 3125248K, committed 1859584K, used 971655K [0x0000000741400000, 0x0000000800000000)
  region size 2048K, 94 young (192512K), 11 survivors (22528K)
 Metaspace       used 4399K, committed 4544K, reserved 1114112K
  class space    used 335K, committed 448K, reserved 1048576K
}
Event: 52.170 GC heap after
{Heap after GC invocations=33 (full 0):
 garbage-first heap   total reserved 3125248K, committed 1859584K, used 842631K [0x0000000741400000, 0x0000000800000000)
  region size 2048K, 12 young (24576K), 12 survivors (24576K)
 Metaspace       used 4399K, committed 4544K, reserved 1114112K
  class space    used 335K, committed 448K, reserved 1048576K
}
Event: 53.900 GC heap before
{Heap before GC invocations=33 (full 0):
 garbage-first heap   total reserved 3125248K, committed 1859584K, used 1014663K [0x0000000741400000, 0x0000000800000000)
  region size 2048K, 97 young (198656K), 12 survivors (24576K)
 Metaspace       used 4408K, committed 4544K, reserved 1114112K
  class space    used 335K, committed 448K, reserved 1048576K
}
Event: 54.012 GC heap after
{Heap after GC invocations=34 (full 0):
 garbage-first heap   total reserved 3125248K, committed 1859584K, used 924551K [0x0000000741400000, 0x0000000800000000)
  region size 2048K, 13 young (26624K), 13 survivors (26624K)
 Metaspace       used 4408K, committed 4544K, reserved 1114112K
  class space    used 335K, committed 448K, reserved 1048576K
}
Event: 56.250 GC heap before
{Heap before GC invocations=34 (full 0):
 garbage-first heap   total reserved 3125248K, committed 1859584K, used 1074055K [0x0000000741400000, 0x0000000800000000)
  region size 2048K, 86 young (176128K), 13 survivors (26624K)
 Metaspace       used 4413K, committed 4608K, reserved 1114112K
  class space    used 335K, committed 448K, reserved 1048576K
}
Event: 56.535 GC heap after
{Heap after GC invocations=35 (full 0):
 garbage-first heap   total reserved 3125248K, committed 1859584K, used 1075079K [0x0000000741400000, 0x0000000800000000)
  region size 2048K, 11 young (22528K), 11 survivors (22528K)
 Metaspace       used 4413K, committed 4608K, reserved 1114112K
  class space    used 335K, committed 448K, reserved 1048576K
}
Event: 57.667 GC heap before
{Heap before GC invocations=35 (full 0):
 garbage-first heap   total reserved 3125248K, committed 1859584K, used 1163143K [0x0000000741400000, 0x0000000800000000)
  region size 2048K, 54 young (110592K), 11 survivors (22528K)
 Metaspace       used 4413K, committed 4608K, reserved 1114112K
  class space    used 335K, committed 448K, reserved 1048576K
}

Dll operation events (10 events):
Event: 0.030 Loaded shared library C:\Users\Qaiaty Store\.gradle\jdks\eclipse_adoptium-23-amd64-windows.2\bin\java.dll
Event: 0.172 Loaded shared library C:\Users\Qaiaty Store\.gradle\jdks\eclipse_adoptium-23-amd64-windows.2\bin\jsvml.dll
Event: 0.336 Loaded shared library C:\Users\Qaiaty Store\.gradle\jdks\eclipse_adoptium-23-amd64-windows.2\bin\zip.dll
Event: 0.342 Loaded shared library C:\Users\Qaiaty Store\.gradle\jdks\eclipse_adoptium-23-amd64-windows.2\bin\instrument.dll
Event: 0.358 Loaded shared library C:\Users\Qaiaty Store\.gradle\jdks\eclipse_adoptium-23-amd64-windows.2\bin\net.dll
Event: 0.362 Loaded shared library C:\Users\Qaiaty Store\.gradle\jdks\eclipse_adoptium-23-amd64-windows.2\bin\nio.dll
Event: 0.372 Loaded shared library C:\Users\Qaiaty Store\.gradle\jdks\eclipse_adoptium-23-amd64-windows.2\bin\zip.dll
Event: 0.430 Loaded shared library C:\Program Files\JetBrains\IntelliJ IDEA Community Edition 2024.1.7\bin\breakgen64.dll
Event: 0.572 Loaded shared library C:\Users\Qaiaty Store\.gradle\jdks\eclipse_adoptium-23-amd64-windows.2\bin\extnet.dll
Event: 1.456 Loaded shared library C:\Users\Qaiaty Store\.gradle\jdks\eclipse_adoptium-23-amd64-windows.2\bin\jimage.dll

Deoptimization events (20 events):
Event: 49.297 Thread 0x0000022cb7952480 Uncommon trap: trap_request=0xffffff45 fr.pc=0x0000022cc7e24e68 relative=0x00000000000048c8
Event: 49.298 Thread 0x0000022cb7952480 Uncommon trap: reason=unstable_if action=reinterpret pc=0x0000022cc7e24e68 method=kotlin.text.StringsKt__StringNumberConversionsKt.toIntOrNull(Ljava/lang/String;I)Ljava/lang/Integer; @ 158 c2
Event: 49.299 Thread 0x0000022cb7952480 DEOPT PACKING pc=0x0000022cc7e24e68 sp=0x0000008c8c9fd250
Event: 49.302 Thread 0x0000022cb7952480 DEOPT UNPACKING pc=0x0000022cc7864402 sp=0x0000008c8c9fd0b8 mode 2
Event: 53.339 Thread 0x0000022cb7952480 Uncommon trap: trap_request=0xffffff45 fr.pc=0x0000022cc7e1ef38 relative=0x0000000000001d58
Event: 53.339 Thread 0x0000022cb7952480 Uncommon trap: reason=unstable_if action=reinterpret pc=0x0000022cc7e1ef38 method=org.example.data.CsvParser.splitList(Ljava/lang/String;)Ljava/util/List; @ 31 c2
Event: 53.339 Thread 0x0000022cb7952480 DEOPT PACKING pc=0x0000022cc7e1ef38 sp=0x0000008c8c9fd1e0
Event: 53.340 Thread 0x0000022cb7952480 DEOPT UNPACKING pc=0x0000022cc7864402 sp=0x0000008c8c9fd160 mode 2
Event: 53.340 Thread 0x0000022cb7952480 Uncommon trap: trap_request=0xffffff45 fr.pc=0x0000022cc7e4ab9c relative=0x00000000000029fc
Event: 53.340 Thread 0x0000022cb7952480 Uncommon trap: reason=unstable_if action=reinterpret pc=0x0000022cc7e4ab9c method=kotlin.collections.CollectionsKt___CollectionsKt.getOrNull(Ljava/util/List;I)Ljava/lang/Object; @ 18 c2
Event: 53.340 Thread 0x0000022cb7952480 DEOPT PACKING pc=0x0000022cc7e4ab9c sp=0x0000008c8c9fd270
Event: 53.340 Thread 0x0000022cb7952480 DEOPT UNPACKING pc=0x0000022cc7864402 sp=0x0000008c8c9fd148 mode 2
Event: 53.340 Thread 0x0000022cb7952480 Uncommon trap: trap_request=0xffffff45 fr.pc=0x0000022cc7e034c4 relative=0x0000000000000124
Event: 53.340 Thread 0x0000022cb7952480 Uncommon trap: reason=unstable_if action=reinterpret pc=0x0000022cc7e034c4 method=kotlin.collections.CollectionsKt___CollectionsKt.getOrNull(Ljava/util/List;I)Ljava/lang/Object; @ 18 c2
Event: 53.340 Thread 0x0000022cb7952480 DEOPT PACKING pc=0x0000022cc7e034c4 sp=0x0000008c8c9fd1a0
Event: 53.340 Thread 0x0000022cb7952480 DEOPT UNPACKING pc=0x0000022cc7864402 sp=0x0000008c8c9fd138 mode 2
Event: 53.340 Thread 0x0000022cb7952480 Uncommon trap: trap_request=0xffffff45 fr.pc=0x0000022cc7ddbb64 relative=0x0000000000000844
Event: 53.340 Thread 0x0000022cb7952480 Uncommon trap: reason=unstable_if action=reinterpret pc=0x0000022cc7ddbb64 method=org.example.data.CsvParser.parseCsvFile(Ljava/util/List;)Ljava/util/List; @ 53 c2
Event: 53.340 Thread 0x0000022cb7952480 DEOPT PACKING pc=0x0000022cc7ddbb64 sp=0x0000008c8c9fd370
Event: 53.340 Thread 0x0000022cb7952480 DEOPT UNPACKING pc=0x0000022cc7864402 sp=0x0000008c8c9fd330 mode 2

Classes loaded (20 events):
Event: 1.479 Loading class sun/util/resources/OpenListResourceBundle
Event: 1.479 Loading class sun/util/resources/OpenListResourceBundle done
Event: 1.479 Loading class sun/util/resources/TimeZoneNamesBundle done
Event: 1.479 Loading class sun/util/resources/cldr/TimeZoneNames done
Event: 1.480 Loading class sun/util/resources/cldr/TimeZoneNames_en
Event: 1.481 Loading class sun/util/resources/cldr/TimeZoneNames_en done
Event: 1.481 Loading class sun/util/resources/cldr/TimeZoneNames_en_US
Event: 1.481 Loading class sun/util/resources/cldr/TimeZoneNames_en_US done
Event: 4.509 Loading class java/lang/foreign/MemorySegment
Event: 4.510 Loading class java/lang/foreign/MemorySegment done
Event: 25.958 Loading class java/text/ParsePosition
Event: 25.963 Loading class java/text/ParsePosition done
Event: 25.964 Loading class java/time/format/DateTimeParseContext
Event: 25.969 Loading class java/time/format/DateTimeParseContext done
Event: 25.969 Loading class java/time/format/Parsed
Event: 25.971 Loading class java/time/format/Parsed done
Event: 27.099 Loading class java/time/Year
Event: 27.100 Loading class java/time/Year done
Event: 27.519 Loading class java/util/Collections$SingletonList
Event: 27.520 Loading class java/util/Collections$SingletonList done

Classes unloaded (0 events):
No events

Classes redefined (0 events):
No events

Internal exceptions (6 events):
Event: 0.420 Thread 0x0000022cb7952480 Exception <a 'java/lang/NoSuchMethodError'{0x000000074d0668c0}: 'java.lang.Object java.lang.invoke.Invokers$Holder.invokeExact_MT(java.lang.Object, java.lang.Object, java.lang.Object, java.lang.Object, java.lang.Object)'> (0x000000074d0668c0) 
thrown [s\src\hotspot\share\interpreter\linkResolver.cpp, line 796]
Event: 0.566 Thread 0x0000022cb7952480 Exception <a 'java/lang/NoSuchMethodError'{0x000000074d1a53e8}: 'int java.lang.invoke.DirectMethodHandle$Holder.invokeStaticInit(java.lang.Object, java.lang.Object, java.lang.Object)'> (0x000000074d1a53e8) 
thrown [s\src\hotspot\share\interpreter\linkResolver.cpp, line 796]
Event: 0.575 Thread 0x0000022cd566c360 Exception <a 'java/lang/NoSuchMethodError'{0x000000074d145278}: 'void java.lang.invoke.DirectMethodHandle$Holder.invokeStatic(java.lang.Object, java.lang.Object)'> (0x000000074d145278) 
thrown [s\src\hotspot\share\interpreter\linkResolver.cpp, line 796]
Event: 0.663 Thread 0x0000022cb7952480 Exception <a 'java/lang/NoSuchMethodError'{0x000000074ce09808}: 'java.lang.Object java.lang.invoke.DirectMethodHandle$Holder.invokeStaticInit(java.lang.Object, int, int, int, int)'> (0x000000074ce09808) 
thrown [s\src\hotspot\share\interpreter\linkResolver.cpp, line 796]
Event: 0.751 Thread 0x0000022cb7952480 Exception <a 'java/lang/NoSuchMethodError'{0x000000074cee43f0}: 'java.lang.Object java.lang.invoke.DirectMethodHandle$Holder.invokeStaticInit(java.lang.Object, java.lang.Object, int, int, int, int)'> (0x000000074cee43f0) 
thrown [s\src\hotspot\share\interpreter\linkResolver.cpp, line 796]
Event: 0.794 Thread 0x0000022cb7952480 Exception <a 'java/lang/NoSuchMethodError'{0x000000074cfd2ba8}: 'java.lang.Object java.lang.invoke.DirectMethodHandle$Holder.invokeStaticInit(java.lang.Object, java.lang.Object, java.lang.Object)'> (0x000000074cfd2ba8) 
thrown [s\src\hotspot\share\interpreter\linkResolver.cpp, line 796]

VM Operations (20 events):
Event: 40.065 Executing VM operation: G1CollectForAllocation (G1 Evacuation Pause) done
Event: 41.028 Executing VM operation: G1CollectForAllocation (G1 Evacuation Pause)
Event: 41.238 Executing VM operation: G1CollectForAllocation (G1 Evacuation Pause) done
Event: 42.679 Executing VM operation: G1CollectForAllocation (G1 Evacuation Pause)
Event: 42.847 Executing VM operation: G1CollectForAllocation (G1 Evacuation Pause) done
Event: 45.130 Executing VM operation: G1CollectForAllocation (G1 Evacuation Pause)
Event: 45.433 Executing VM operation: G1CollectForAllocation (G1 Evacuation Pause) done
Event: 46.542 Executing VM operation: G1CollectForAllocation (G1 Evacuation Pause)
Event: 46.735 Executing VM operation: G1CollectForAllocation (G1 Evacuation Pause) done
Event: 48.926 Executing VM operation: G1CollectForAllocation (G1 Evacuation Pause)
Event: 49.044 Executing VM operation: G1CollectForAllocation (G1 Evacuation Pause) done
Event: 50.329 Executing VM operation: G1CollectForAllocation (G1 Evacuation Pause)
Event: 50.405 Executing VM operation: G1CollectForAllocation (G1 Evacuation Pause) done
Event: 52.067 Executing VM operation: G1CollectForAllocation (G1 Evacuation Pause)
Event: 52.170 Executing VM operation: G1CollectForAllocation (G1 Evacuation Pause) done
Event: 53.900 Executing VM operation: G1CollectForAllocation (G1 Evacuation Pause)
Event: 54.012 Executing VM operation: G1CollectForAllocation (G1 Evacuation Pause) done
Event: 56.247 Executing VM operation: G1CollectForAllocation (G1 Evacuation Pause)
Event: 56.545 Executing VM operation: G1CollectForAllocation (G1 Evacuation Pause) done
Event: 57.666 Executing VM operation: G1CollectForAllocation (G1 Evacuation Pause)

Memory protections (0 events):
No events

Nmethod flushes (20 events):
Event: 31.788 Thread 0x0000022cd5416f40 flushing  nmethod 0x0000022cc03d3408
Event: 31.788 Thread 0x0000022cd5416f40 flushing  nmethod 0x0000022cc03d4888
Event: 31.788 Thread 0x0000022cd5416f40 flushing  nmethod 0x0000022cc03d5288
Event: 31.788 Thread 0x0000022cd5416f40 flushing  nmethod 0x0000022cc03d6808
Event: 31.788 Thread 0x0000022cd5416f40 flushing  nmethod 0x0000022cc03d9188
Event: 31.788 Thread 0x0000022cd5416f40 flushing  nmethod 0x0000022cc03da308
Event: 31.788 Thread 0x0000022cd5416f40 flushing  nmethod 0x0000022cc03dc088
Event: 31.788 Thread 0x0000022cd5416f40 flushing  nmethod 0x0000022cc03dc408
Event: 31.788 Thread 0x0000022cd5416f40 flushing  nmethod 0x0000022cc03df288
Event: 31.788 Thread 0x0000022cd5416f40 flushing  nmethod 0x0000022cc03e4b08
Event: 31.788 Thread 0x0000022cd5416f40 flushing  nmethod 0x0000022cc03eaf08
Event: 31.788 Thread 0x0000022cd5416f40 flushing  nmethod 0x0000022cc03eb208
Event: 31.788 Thread 0x0000022cd5416f40 flushing  nmethod 0x0000022cc03eb608
Event: 31.788 Thread 0x0000022cd5416f40 flushing osr nmethod 0x0000022cc03ec488
Event: 31.788 Thread 0x0000022cd5416f40 flushing  nmethod 0x0000022cc03efd88
Event: 31.788 Thread 0x0000022cd5416f40 flushing  nmethod 0x0000022cc03f0a88
Event: 31.788 Thread 0x0000022cd5416f40 flushing osr nmethod 0x0000022cc03f0d88
Event: 31.788 Thread 0x0000022cd5416f40 flushing  nmethod 0x0000022cc03f2b88
Event: 31.788 Thread 0x0000022cd5416f40 flushing  nmethod 0x0000022cc03f3d08
Event: 31.788 Thread 0x0000022cd5416f40 flushing  nmethod 0x0000022cc7dda188

Events (14 events):
Event: 0.071 Thread 0x0000022cb7952480 Thread added: 0x0000022cb7952480
Event: 0.137 Thread 0x0000022cb7952480 Thread added: 0x0000022cd5433020
Event: 0.137 Thread 0x0000022cb7952480 Thread added: 0x0000022cd5433f40
Event: 0.138 Thread 0x0000022cb7952480 Thread added: 0x0000022cd5435d10
Event: 0.138 Thread 0x0000022cb7952480 Thread added: 0x0000022cd5438b80
Event: 0.138 Thread 0x0000022cb7952480 Thread added: 0x0000022cd54395e0
Event: 0.138 Thread 0x0000022cb7952480 Thread added: 0x0000022cd543a040
Event: 0.138 Thread 0x0000022cb7952480 Thread added: 0x0000022cd543add0
Event: 0.178 Thread 0x0000022cb7952480 Thread added: 0x0000022cd54ac030
Event: 0.278 Thread 0x0000022cb7952480 Thread added: 0x0000022cd54051d0
Event: 0.432 Thread 0x0000022cb7952480 Thread added: 0x0000022cd566c360
Event: 0.432 Thread 0x0000022cb7952480 Thread added: 0x0000022cd566c9d0
Event: 53.404 Thread 0x0000022cd543add0 Thread added: 0x0000022d1c872780
Event: 56.200 Thread 0x0000022d1c872780 Thread exited: 0x0000022d1c872780


Dynamic libraries:
0x00007ff7ed850000 - 0x00007ff7ed85e000 	C:\Users\Qaiaty Store\.gradle\jdks\eclipse_adoptium-23-amd64-windows.2\bin\java.exe
0x00007ffa16490000 - 0x00007ffa16688000 	C:\Windows\SYSTEM32\ntdll.dll
0x00007ffa15720000 - 0x00007ffa157e2000 	C:\Windows\System32\KERNEL32.DLL
0x00007ffa13ce0000 - 0x00007ffa13fd6000 	C:\Windows\System32\KERNELBASE.dll
0x00007ffa13be0000 - 0x00007ffa13ce0000 	C:\Windows\System32\ucrtbase.dll
0x00007ffa0b340000 - 0x00007ffa0b357000 	C:\Users\Qaiaty Store\.gradle\jdks\eclipse_adoptium-23-amd64-windows.2\bin\jli.dll
0x00007ffa14510000 - 0x00007ffa146ad000 	C:\Windows\System32\USER32.dll
0x00007ffa14330000 - 0x00007ffa14352000 	C:\Windows\System32\win32u.dll
0x00007ffa16290000 - 0x00007ffa162bb000 	C:\Windows\System32\GDI32.dll
0x00007ffa14140000 - 0x00007ffa1425a000 	C:\Windows\System32\gdi32full.dll
0x00007ffa14410000 - 0x00007ffa144ad000 	C:\Windows\System32\msvcp_win.dll
0x00007ffa03100000 - 0x00007ffa0311e000 	C:\Users\Qaiaty Store\.gradle\jdks\eclipse_adoptium-23-amd64-windows.2\bin\VCRUNTIME140.dll
0x00007ff9ff740000 - 0x00007ff9ff9da000 	C:\Windows\WinSxS\amd64_microsoft.windows.common-controls_6595b64144ccf1df_6.0.19041.4355_none_60b8b9eb71f62e16\COMCTL32.dll
0x00007ffa158d0000 - 0x00007ffa1596e000 	C:\Windows\System32\msvcrt.dll
0x00007ffa15ac0000 - 0x00007ffa15aef000 	C:\Windows\System32\IMM32.DLL
0x00007ffa0d730000 - 0x00007ffa0d73c000 	C:\Users\Qaiaty Store\.gradle\jdks\eclipse_adoptium-23-amd64-windows.2\bin\vcruntime140_1.dll
0x00007ff9e2910000 - 0x00007ff9e299d000 	C:\Users\Qaiaty Store\.gradle\jdks\eclipse_adoptium-23-amd64-windows.2\bin\msvcp140.dll
0x00007ff962120000 - 0x00007ff962eee000 	C:\Users\Qaiaty Store\.gradle\jdks\eclipse_adoptium-23-amd64-windows.2\bin\server\jvm.dll
0x00007ffa161e0000 - 0x00007ffa1628f000 	C:\Windows\System32\ADVAPI32.dll
0x00007ffa15670000 - 0x00007ffa1570f000 	C:\Windows\System32\sechost.dll
0x00007ffa14e20000 - 0x00007ffa14f43000 	C:\Windows\System32\RPCRT4.dll
0x00007ffa13b20000 - 0x00007ffa13b47000 	C:\Windows\System32\bcrypt.dll
0x00007ffa163e0000 - 0x00007ffa1644b000 	C:\Windows\System32\WS2_32.dll
0x00007ffa13060000 - 0x00007ffa130ab000 	C:\Windows\SYSTEM32\POWRPROF.dll
0x00007ff9ffb10000 - 0x00007ff9ffb37000 	C:\Windows\SYSTEM32\WINMM.dll
0x00007ffa0bd10000 - 0x00007ffa0bd1a000 	C:\Windows\SYSTEM32\VERSION.dll
0x00007ffa12f20000 - 0x00007ffa12f32000 	C:\Windows\SYSTEM32\UMPDC.dll
0x00007ffa12340000 - 0x00007ffa12352000 	C:\Windows\SYSTEM32\kernel.appcore.dll
0x00007ffa0b330000 - 0x00007ffa0b33a000 	C:\Users\Qaiaty Store\.gradle\jdks\eclipse_adoptium-23-amd64-windows.2\bin\jimage.dll
0x00007ffa115a0000 - 0x00007ffa11784000 	C:\Windows\SYSTEM32\DBGHELP.DLL
0x00007ff9f18c0000 - 0x00007ff9f18f4000 	C:\Windows\SYSTEM32\dbgcore.DLL
0x00007ffa13b50000 - 0x00007ffa13bd2000 	C:\Windows\System32\bcryptPrimitives.dll
0x00007ffa030b0000 - 0x00007ffa030bf000 	C:\Users\Qaiaty Store\.gradle\jdks\eclipse_adoptium-23-amd64-windows.2\bin\instrument.dll
0x00007ffa03090000 - 0x00007ffa030ae000 	C:\Users\Qaiaty Store\.gradle\jdks\eclipse_adoptium-23-amd64-windows.2\bin\java.dll
0x00007ffa15b60000 - 0x00007ffa15c8b000 	C:\Windows\System32\ole32.dll
0x00007ffa15240000 - 0x00007ffa15595000 	C:\Windows\System32\combase.dll
0x00007ffa146b0000 - 0x00007ffa14e1f000 	C:\Windows\System32\SHELL32.dll
0x00007ffa11b80000 - 0x00007ffa12323000 	C:\Windows\SYSTEM32\windows.storage.dll
0x00007ffa13550000 - 0x00007ffa1357b000 	C:\Windows\SYSTEM32\Wldp.dll
0x00007ffa155a0000 - 0x00007ffa1566d000 	C:\Windows\System32\OLEAUT32.dll
0x00007ffa15100000 - 0x00007ffa151ad000 	C:\Windows\System32\SHCORE.dll
0x00007ffa15b00000 - 0x00007ffa15b55000 	C:\Windows\System32\shlwapi.dll
0x00007ffa13a50000 - 0x00007ffa13a75000 	C:\Windows\SYSTEM32\profapi.dll
0x00007ff9e16c0000 - 0x00007ff9e1797000 	C:\Users\Qaiaty Store\.gradle\jdks\eclipse_adoptium-23-amd64-windows.2\bin\jsvml.dll
0x00007ff9f63a0000 - 0x00007ff9f63b7000 	C:\Users\Qaiaty Store\.gradle\jdks\eclipse_adoptium-23-amd64-windows.2\bin\zip.dll
0x00007ffa03000000 - 0x00007ffa03010000 	C:\Users\Qaiaty Store\.gradle\jdks\eclipse_adoptium-23-amd64-windows.2\bin\net.dll
0x00007ffa132b0000 - 0x00007ffa1331c000 	C:\Windows\system32\mswsock.dll
0x00007ff9f1e50000 - 0x00007ff9f1e66000 	C:\Users\Qaiaty Store\.gradle\jdks\eclipse_adoptium-23-amd64-windows.2\bin\nio.dll
0x00007ff9e6f70000 - 0x00007ff9e6f8a000 	C:\Program Files\JetBrains\IntelliJ IDEA Community Edition 2024.1.7\bin\breakgen64.dll
0x00007ffa01e60000 - 0x00007ffa01e69000 	C:\Users\Qaiaty Store\.gradle\jdks\eclipse_adoptium-23-amd64-windows.2\bin\extnet.dll
0x00007ffa134b0000 - 0x00007ffa134c8000 	C:\Windows\SYSTEM32\CRYPTSP.dll
0x00007ffa12b60000 - 0x00007ffa12b98000 	C:\Windows\system32\rsaenh.dll
0x00007ffa13a10000 - 0x00007ffa13a3e000 	C:\Windows\SYSTEM32\USERENV.dll
0x00007ffa134a0000 - 0x00007ffa134ac000 	C:\Windows\SYSTEM32\CRYPTBASE.dll
0x00007ffa12f40000 - 0x00007ffa12f7b000 	C:\Windows\SYSTEM32\IPHLPAPI.DLL
0x00007ffa15af0000 - 0x00007ffa15af8000 	C:\Windows\System32\NSI.dll

dbghelp: loaded successfully - version: 4.0.5 - missing functions: none
symbol engine: initialized successfully - sym options: 0x614 - pdb path: .;C:\Users\Qaiaty Store\.gradle\jdks\eclipse_adoptium-23-amd64-windows.2\bin;C:\Windows\SYSTEM32;C:\Windows\WinSxS\amd64_microsoft.windows.common-controls_6595b64144ccf1df_6.0.19041.4355_none_60b8b9eb71f62e16;C:\Users\Qaiaty Store\.gradle\jdks\eclipse_adoptium-23-amd64-windows.2\bin\server;C:\Program Files\JetBrains\IntelliJ IDEA Community Edition 2024.1.7\bin

VM Arguments:
jvm_args: -javaagent:C:\Program Files\JetBrains\IntelliJ IDEA Community Edition 2024.1.7\lib\idea_rt.jar=63884:C:\Program Files\JetBrains\IntelliJ IDEA Community Edition 2024.1.7\bin -Dfile.encoding=UTF-8 -Dsun.stdout.encoding=UTF-8 -Dsun.stderr.encoding=UTF-8 
java_command: org.example.MainKt
java_class_path (initial): F:\The chance\New folder\build\classes\kotlin\main;C:\Users\Qaiaty Store\.gradle\caches\modules-2\files-2.1\org.jetbrains.kotlin\kotlin-stdlib\2.1.10\d3028429e7151d7a7c1a0d63a4f60eac86a87b91\kotlin-stdlib-2.1.10.jar;C:\Users\Qaiaty Store\.gradle\caches\modules-2\files-2.1\io.insert-koin\koin-core-jvm\4.0.2\afb9659798a7afc720afdc2d745a959e9d598fc9\koin-core-jvm-4.0.2.jar;C:\Users\Qaiaty Store\.gradle\caches\modules-2\files-2.1\org.jetbrains\annotations\13.0\919f0dfe192fb4e063e7dacadee7f8bb9a2672a9\annotations-13.0.jar;C:\Users\Qaiaty Store\.gradle\caches\modules-2\files-2.1\co.touchlab\stately-concurrent-collections-jvm\2.1.0\5c03b644537d7926a8f77e5735a8bebb55dafdcd\stately-concurrent-collections-jvm-2.1.0.jar;C:\Users\Qaiaty Store\.gradle\caches\modules-2\files-2.1\co.touchlab\stately-concurrency-jvm\2.1.0\6285428408c4d7e4a6d9a09511de877103effd81\stately-concurrency-jvm-2.1.0.jar;C:\Users\Qaiaty Store\.gradle\caches\modules-2\files-2.1\co.touchlab\stately-strict-jvm\2.1.0\3ae8369209065455f4630793bf6aca0fb88c8b6b\stately-strict-jvm-2.1.0.jar
Launcher Type: SUN_STANDARD

[Global flags]
     intx CICompilerCount                          = 3                                         {product} {ergonomic}
     uint ConcGCThreads                            = 1                                         {product} {ergonomic}
     uint G1ConcRefinementThreads                  = 4                                         {product} {ergonomic}
   size_t G1HeapRegionSize                         = 2097152                                   {product} {ergonomic}
   size_t InitialHeapSize                          = 201326592                                 {product} {ergonomic}
   size_t MarkStackSize                            = 4194304                                   {product} {ergonomic}
   size_t MarkStackSizeMax                         = 536870912                                 {product} {ergonomic}
   size_t MaxHeapSize                              = 3200253952                                {product} {ergonomic}
   size_t MaxNewSize                               = 1918894080                                {product} {ergonomic}
   size_t MinHeapDeltaBytes                        = 2097152                                   {product} {ergonomic}
   size_t MinHeapSize                              = 8388608                                   {product} {ergonomic}
    uintx NonNMethodCodeHeapSize                   = 5832704                                {pd product} {ergonomic}
    uintx NonProfiledCodeHeapSize                  = 122945536                              {pd product} {ergonomic}
    uintx ProfiledCodeHeapSize                     = 122880000                              {pd product} {ergonomic}
    uintx ReservedCodeCacheSize                    = 251658240                              {pd product} {ergonomic}
     bool SegmentedCodeCache                       = true                                      {product} {ergonomic}
   size_t SoftMaxHeapSize                          = 3200253952                             {manageable} {ergonomic}
     bool UseCompressedOops                        = true                           {product lp64_product} {ergonomic}
     bool UseG1GC                                  = true                                      {product} {ergonomic}
     bool UseLargePagesIndividualAllocation        = false                                  {pd product} {ergonomic}

Logging:
Log output configuration:
 #0: stdout all=warning uptime,level,tags foldmultilines=false
 #1: stderr all=off uptime,level,tags foldmultilines=false

Environment Variables:
PATH=C:\Program Files\Common Files\Oracle\Java\javapath;C:\Program Files\Eclipse Adoptium\jdk-21.0.6.7-hotspot\bin;C:\Windows\system32;C:\Windows;C:\Windows\System32\Wbem;C:\Windows\System32\WindowsPowerShell\v1.0\;C:\Windows\System32\OpenSSH\;C:\Program Files (x86)\Microsoft SQL Server\100\Tools\Binn\;C:\Program Files\Microsoft SQL Server\100\Tools\Binn\;C:\Program Files\Microsoft SQL Server\100\DTS\Binn\;C:\Program Files\Microsoft SQL Server\150\Tools\Binn\;C:\Program Files\Microsoft SQL Server\Client SDK\ODBC\170\Tools\Binn\;C:\MinGW\bin;C:\Program Files\MATLAB\R2010a\runtime\win64;C:\Program Files\MATLAB\R2010a\bin;C:\Program Files (x86)\Microsoft SQL Server\160\DTS\Binn\;C:\Program Files\Azure Data Studio\bin;C:\Program Files (x86)\Microsoft SQL Server\160\Tools\Binn\;C:\Program Files\Microsoft SQL Server\160\Tools\Binn\;C:\Program Files\Microsoft SQL Server\160\DTS\Binn\;C:\Program Files\dotnet\;C:\Program Files (x86)\Windows Kits\10\Windows Performance Toolkit\;C:\Program Files\Git\cmd;C:\Users\Qaiaty Store\AppData\Local\Programs\Python\Python313\Scripts\;C:\Users\Qaiaty Store\AppData\Local\Programs\Python\Python313\;C:\Users\Qaiaty Store\AppData\Local\Programs\Python\Python37\Scripts\;C:\Users\Qaiaty Store\AppData\Local\Programs\Python\Python37\;C:\Users\Qaiaty Store\AppData\Local\Microsoft\WindowsApps;C:\Users\Qaiaty Store\AppData\Local\Programs\Microsoft VS Code\bin;C:\Program Files\Azure Data Studio\bin;F:\python\PyCharm Community Edition 2024.2.4\bin;;C:\Windows\System32\cmd.exe;C:\flutter\src\flutter\bin;C:\Users\Qaiaty Store\.dotnet\tools;;C:\Users\Qaiaty Store\AppData\Local\JetBrains\PyCharm 2024.3\bin;;C:\Program Files\JetBrains\IntelliJ IDEA 2024.3.5\bin;;C:\Program Files\JetBrains\IntelliJ IDEA Community Edition 2024.1.7\bin;
USERNAME=Qaiaty Store
OS=Windows_NT
PROCESSOR_IDENTIFIER=Intel64 Family 6 Model 142 Stepping 9, GenuineIntel
TMP=C:\Users\QAIATY~1\AppData\Local\Temp
TEMP=C:\Users\QAIATY~1\AppData\Local\Temp




Periodic native trim disabled

---------------  S Y S T E M  ---------------

OS:
 Windows 10 , 64 bit Build 19041 (10.0.19041.5678)
OS uptime: 2 days 7:18 hours

CPU: total 4 (initial active 4) (2 cores per cpu, 2 threads per core) family 6 model 142 stepping 9 microcode 0xb4, cx8, cmov, fxsr, ht, mmx, 3dnowpref, sse, sse2, sse3, ssse3, sse4.1, sse4.2, popcnt, lzcnt, tsc, tscinvbit, avx, avx2, aes, erms, clmul, bmi1, bmi2, adx, fma, vzeroupper, clflush, clflushopt, rdtscp, f16c
Processor Information for processor 0
  Max Mhz: 2901, Current Mhz: 1500, Mhz Limit: 2901
Processor Information for processor 1
  Max Mhz: 2901, Current Mhz: 1500, Mhz Limit: 2901
Processor Information for processor 2
  Max Mhz: 2901, Current Mhz: 2901, Mhz Limit: 2901
Processor Information for processor 3
  Max Mhz: 2901, Current Mhz: 2901, Mhz Limit: 2901

Memory: 4k page, system-wide physical 12204M (445M free)
TotalPageFile size 25899M (AvailPageFile size 115M)
current process WorkingSet (physical memory assigned to process): 1039M, peak: 1311M
current process commit charge ("private bytes"): 1938M, peak: 2057M

vm_info: OpenJDK 64-Bit Server VM (23.0.2+7) for windows-amd64 JRE (23.0.2+7), built on 2025-01-21T00:00:00Z with MS VC++ 17.7 (VS2022)

END.
